payment_id,loan_id,payment_date,payment_amount,days_past_due,remaining_balance
1,1001,2021-05-13,922,0,8402
2,1001,2021-06-12,824,0,7578
3,1001,2021-07-12,1418,0,6160
4,1001,2021-08-11,366,0,5794
5,1002,2022-04-11,1289,0,14498
6,1002,2022-05-11,784,0,13714
7,1002,2022-06-10,1487,0,12227
8,1002,2022-07-10,848,0,11379
9,1002,2022-08-09,372,0,11007
10,1002,2022-09-08,1453,0,9554
11,1002,2022-10-08,871,0,8683
12,1002,2022-11-07,1474,0,7209
13,1002,2022-12-07,478,5,6731
14,1002,2023-01-06,1034,0,5697
15,1002,2023-02-05,1087,0,4610
16,1003,2023-06-10,792,0,13319
17,1003,2023-07-10,1336,0,11983
18,1003,2023-08-09,1031,0,10952
19,1004,2021-10-28,997,0,42113
20,1004,2021-11-27,1185,0,40928
21,1004,2021-12-27,624,0,40304
22,1004,2022-01-26,1255,0,39049
23,1004,2022-02-25,443,0,38606
24,1004,2022-03-27,623,0,37983
25,1004,2022-04-26,1250,0,36733
26,1004,2022-05-26,569,0,36164
27,1005,2021-05-17,766,0,20623
28,1005,2021-06-16,1467,0,19156
29,1005,2021-07-16,531,0,18625
30,1005,2021-08-15,894,5,17731
31,1005,2021-09-14,472,5,17259
32,1005,2021-10-14,1478,0,15781
33,1005,2021-11-13,847,0,14934
34,1005,2021-12-13,1213,15,13721
35,1006,2021-04-12,985,0,45442
36,1006,2021-05-12,1438,0,44004
37,1006,2021-06-11,1198,0,42806
38,1006,2021-07-11,377,0,42429
39,1006,2021-08-10,987,0,41442
40,1006,2021-09-09,1126,0,40316
41,1006,2021-10-09,1435,0,38881
42,1006,2021-11-08,1382,0,37499
43,1006,2021-12-08,968,0,36531
44,1006,2022-01-07,1007,0,35524
45,1006,2022-02-06,686,0,34838
46,1007,2023-01-01,582,30,18461
47,1007,2023-01-31,763,0,17698
48,1007,2023-03-02,471,0,17227
49,1007,2023-04-01,1446,0,15781
50,1007,2023-05-01,989,0,14792
51,1007,2023-05-31,464,0,14328
52,1007,2023-06-30,682,0,13646
53,1007,2023-07-30,523,15,13123
54,1007,2023-08-29,910,0,12213
55,1007,2023-09-28,746,0,11467
56,1008,2021-02-20,1191,0,32555
57,1008,2021-03-22,962,0,31593
58,1008,2021-04-21,1017,0,30576
59,1009,2022-10-07,1350,0,26000
60,1009,2022-11-06,1103,0,24897
61,1009,2022-12-06,686,0,24211
62,1009,2023-01-05,1272,0,22939
63,1009,2023-02-04,1283,30,21656
64,1009,2023-03-06,1052,0,20604
65,1009,2023-04-05,845,0,19759
66,1009,2023-05-05,633,0,19126
67,1010,2021-06-01,1405,0,45200
68,1010,2021-07-01,1064,0,44136
69,1010,2021-07-31,313,60,43823
70,1010,2021-08-30,609,0,43214
71,1011,2022-05-12,1273,5,3844
72,1011,2022-06-11,1417,0,2427
73,1011,2022-07-11,896,0,1531
74,1011,2022-08-10,1345,0,186
75,1011,2022-09-09,186,0,0
76,1012,2021-09-02,1238,0,22697
77,1012,2021-10-02,741,0,21956
78,1012,2021-11-01,1455,0,20501
79,1013,2021-12-27,1161,0,17073
80,1013,2022-01-26,1298,0,15775
81,1013,2022-02-25,1392,15,14383
82,1013,2022-03-27,1118,0,13265
83,1014,2022-05-04,1008,5,42320
84,1014,2022-06-03,564,0,41756
85,1014,2022-07-03,1131,0,40625
86,1014,2022-08-02,973,0,39652
87,1014,2022-09-01,550,0,39102
88,1014,2022-10-01,829,0,38273
89,1014,2022-10-31,1194,0,37079
90,1014,2022-11-30,515,0,36564
91,1014,2022-12-30,424,0,36140
92,1014,2023-01-29,358,0,35782
93,1015,2021-04-28,1428,0,4418
94,1015,2021-05-28,617,0,3801
95,1015,2021-06-27,1173,0,2628
96,1015,2021-07-27,924,0,1704
97,1015,2021-08-26,1341,0,363
98,1015,2021-09-25,363,0,0
99,1016,2022-02-07,488,0,15466
100,1016,2022-03-09,1402,0,14064
101,1016,2022-04-08,798,0,13266
102,1016,2022-05-08,1165,0,12101
103,1016,2022-06-07,370,0,11731
104,1016,2022-07-07,881,0,10850
105,1016,2022-08-06,492,5,10358
106,1016,2022-09-05,351,5,10007
107,1016,2022-10-05,1216,0,8791
108,1017,2021-05-10,990,0,17713
109,1017,2021-06-09,831,0,16882
110,1017,2021-07-09,1139,0,15743
111,1017,2021-08-08,540,0,15203
112,1017,2021-09-07,382,0,14821
113,1017,2021-10-07,1250,0,13571
114,1017,2021-11-06,873,0,12698
115,1017,2021-12-06,758,15,11940
116,1017,2022-01-05,724,0,11216
117,1017,2022-02-04,1481,0,9735
118,1017,2022-03-06,421,0,9314
119,1018,2023-06-21,1284,0,26416
120,1018,2023-07-21,868,0,25548
121,1018,2023-08-20,1437,0,24111
122,1018,2023-09-19,1119,5,22992
123,1018,2023-10-19,1009,0,21983
124,1018,2023-11-18,478,0,21505
125,1018,2023-12-18,1088,5,20417
126,1018,2024-01-17,791,0,19626
127,1018,2024-02-16,1377,0,18249
128,1019,2022-11-25,885,0,36158
129,1019,2022-12-25,834,60,35324
130,1019,2023-01-24,992,0,34332
131,1020,2021-06-10,1113,30,10356
132,1020,2021-07-10,889,0,9467
133,1020,2021-08-09,907,0,8560
134,1020,2021-09-08,1333,0,7227
135,1021,2022-11-23,784,0,34321
136,1021,2022-12-23,1473,0,32848
137,1021,2023-01-22,428,0,32420
138,1022,2021-12-05,1381,0,45720
139,1022,2022-01-04,1201,0,44519
140,1022,2022-02-03,834,0,43685
141,1022,2022-03-05,690,0,42995
142,1022,2022-04-04,326,0,42669
143,1022,2022-05-04,1274,0,41395
144,1022,2022-06-03,866,0,40529
145,1023,2023-03-11,1392,0,29994
146,1023,2023-04-10,1147,60,28847
147,1023,2023-05-10,1477,0,27370
148,1023,2023-06-09,878,0,26492
149,1023,2023-07-09,845,0,25647
150,1023,2023-08-08,980,15,24667
151,1023,2023-09-07,814,0,23853
152,1023,2023-10-07,586,0,23267
153,1023,2023-11-06,916,0,22351
154,1023,2023-12-06,569,0,21782
155,1023,2024-01-05,817,0,20965
156,1024,2022-01-09,1413,0,40563
157,1024,2022-02-08,1216,0,39347
158,1024,2022-03-10,1420,0,37927
159,1024,2022-04-09,355,0,37572
160,1024,2022-05-09,331,0,37241
161,1024,2022-06-08,966,0,36275
162,1024,2022-07-08,486,0,35789
163,1024,2022-08-07,429,0,35360
164,1024,2022-09-06,413,5,34947
165,1025,2022-06-06,743,0,43308
166,1025,2022-07-06,746,0,42562
167,1025,2022-08-05,1014,0,41548
168,1025,2022-09-04,400,0,41148
169,1025,2022-10-04,1440,0,39708
170,1025,2022-11-03,728,0,38980
171,1025,2022-12-03,665,0,38315
172,1025,2023-01-02,956,0,37359
173,1025,2023-02-01,1124,0,36235
174,1025,2023-03-03,1188,0,35047
175,1025,2023-04-02,1283,0,33764
176,1026,2022-03-20,416,0,6632
177,1026,2022-04-19,1417,0,5215
178,1026,2022-05-19,960,0,4255
179,1027,2023-04-16,885,0,43116
180,1027,2023-05-16,573,0,42543
181,1027,2023-06-15,400,0,42143
182,1027,2023-07-15,372,5,41771
183,1027,2023-08-14,456,0,41315
184,1027,2023-09-13,1318,0,39997
185,1027,2023-10-13,858,5,39139
186,1027,2023-11-12,564,0,38575
187,1027,2023-12-12,454,0,38121
188,1027,2024-01-11,1296,5,36825
189,1028,2022-02-20,837,0,17104
190,1028,2022-03-22,453,0,16651
191,1028,2022-04-21,637,0,16014
192,1028,2022-05-21,1454,0,14560
193,1028,2022-06-20,1109,0,13451
194,1028,2022-07-20,887,0,12564
195,1028,2022-08-19,1130,0,11434
196,1028,2022-09-18,1372,0,10062
197,1028,2022-10-18,1167,15,8895
198,1028,2022-11-17,1369,0,7526
199,1028,2022-12-17,1211,0,6315
200,1028,2023-01-16,1121,0,5194
201,1029,2021-08-10,1441,0,46092
202,1029,2021-09-09,741,0,45351
203,1029,2021-10-09,786,0,44565
204,1030,2021-11-03,1394,0,5434
205,1030,2021-12-03,1110,0,4324
206,1030,2022-01-02,498,0,3826
207,1030,2022-02-01,1444,0,2382
208,1030,2022-03-03,1262,30,1120
209,1030,2022-04-02,758,0,362
210,1031,2021-07-10,1463,30,5454
211,1031,2021-08-09,1080,0,4374
212,1031,2021-09-08,1193,0,3181
213,1032,2022-05-05,960,0,24658
214,1032,2022-06-04,1295,0,23363
215,1032,2022-07-04,1045,30,22318
216,1032,2022-08-03,1402,0,20916
217,1032,2022-09-02,603,0,20313
218,1032,2022-10-02,895,5,19418
219,1032,2022-11-01,857,0,18561
220,1032,2022-12-01,377,0,18184
221,1032,2022-12-31,973,15,17211
222,1032,2023-01-30,537,0,16674
223,1032,2023-03-01,577,0,16097
224,1032,2023-03-31,479,0,15618
225,1033,2021-12-10,1374,0,35880
226,1033,2022-01-09,779,5,35101
227,1033,2022-02-08,383,5,34718
228,1033,2022-03-10,918,0,33800
229,1033,2022-04-09,946,0,32854
230,1033,2022-05-09,822,0,32032
231,1033,2022-06-08,677,0,31355
232,1034,2021-02-21,1332,0,43424
233,1034,2021-03-23,392,0,43032
234,1034,2021-04-22,1477,0,41555
235,1034,2021-05-22,1472,0,40083
236,1034,2021-06-21,721,5,39362
237,1034,2021-07-21,771,0,38591
238,1034,2021-08-20,930,30,37661
239,1035,2021-10-10,663,0,24465
240,1035,2021-11-09,845,0,23620
241,1035,2021-12-09,933,0,22687
242,1035,2022-01-08,1262,0,21425
243,1035,2022-02-07,1182,0,20243
244,1035,2022-03-09,1170,0,19073
245,1035,2022-04-08,1165,0,17908
246,1035,2022-05-08,513,5,17395
247,1035,2022-06-07,1149,0,16246
248,1035,2022-07-07,941,0,15305
249,1035,2022-08-06,629,0,14676
250,1035,2022-09-05,691,0,13985
251,1036,2023-02-17,1194,0,3815
252,1036,2023-03-19,1325,0,2490
253,1036,2023-04-18,935,0,1555
254,1036,2023-05-18,768,0,787
255,1036,2023-06-17,787,0,0
256,1037,2023-06-06,759,0,20885
257,1037,2023-07-06,1051,0,19834
258,1037,2023-08-05,1280,0,18554
259,1037,2023-09-04,535,0,18019
260,1037,2023-10-04,978,5,17041
261,1037,2023-11-03,1154,0,15887
262,1037,2023-12-03,1452,0,14435
263,1037,2024-01-02,385,0,14050
264,1037,2024-02-01,677,0,13373
265,1037,2024-03-02,1374,0,11999
266,1037,2024-04-01,1219,0,10780
267,1037,2024-05-01,1443,30,9337
268,1038,2022-08-14,369,0,27053
269,1038,2022-09-13,338,0,26715
270,1038,2022-10-13,1341,0,25374
271,1038,2022-11-12,1124,0,24250
272,1038,2022-12-12,582,0,23668
273,1038,2023-01-11,1316,0,22352
274,1038,2023-02-10,843,60,21509
275,1038,2023-03-12,324,0,21185
276,1038,2023-04-11,1037,0,20148
277,1038,2023-05-11,531,0,19617
278,1039,2022-05-20,588,0,14277
279,1039,2022-06-19,829,0,13448
280,1039,2022-07-19,528,0,12920
281,1039,2022-08-18,734,0,12186
282,1039,2022-09-17,701,0,11485
283,1039,2022-10-17,387,0,11098
284,1039,2022-11-16,608,0,10490
285,1039,2022-12-16,735,60,9755
286,1039,2023-01-15,493,30,9262
287,1040,2021-03-30,1484,0,5735
288,1040,2021-04-29,1365,0,4370
289,1040,2021-05-29,1040,0,3330
290,1040,2021-06-28,1253,0,2077
291,1040,2021-07-28,1132,0,945
292,1040,2021-08-27,845,0,100
293,1041,2022-06-25,356,0,44453
294,1041,2022-07-25,1336,0,43117
295,1041,2022-08-24,389,0,42728
296,1041,2022-09-23,997,0,41731
297,1041,2022-10-23,1197,0,40534
298,1041,2022-11-22,967,0,39567
299,1041,2022-12-22,784,0,38783
300,1041,2023-01-21,938,0,37845
301,1041,2023-02-20,581,5,37264
302,1041,2023-03-22,315,0,36949
303,1042,2022-12-13,843,0,9444
304,1042,2023-01-12,1144,0,8300
305,1042,2023-02-11,665,0,7635
306,1042,2023-03-13,1059,15,6576
307,1042,2023-04-12,1363,0,5213
308,1042,2023-05-12,554,0,4659
309,1042,2023-06-11,1009,0,3650
310,1042,2023-07-11,310,0,3340
311,1042,2023-08-10,1256,0,2084
312,1042,2023-09-09,795,0,1289
313,1042,2023-10-09,1289,60,0
314,1043,2022-05-21,760,0,38627
315,1043,2022-06-20,1467,0,37160
316,1043,2022-07-20,554,0,36606
317,1043,2022-08-19,635,0,35971
318,1043,2022-09-18,1173,0,34798
319,1043,2022-10-18,656,0,34142
320,1043,2022-11-17,652,0,33490
321,1043,2022-12-17,823,0,32667
322,1043,2023-01-16,1055,0,31612
323,1043,2023-02-15,398,0,31214
324,1044,2022-12-31,914,15,12598
325,1044,2023-01-30,667,0,11931
326,1044,2023-03-01,1398,15,10533
327,1044,2023-03-31,1135,0,9398
328,1045,2023-03-24,1428,0,4914
329,1045,2023-04-23,1067,60,3847
330,1045,2023-05-23,676,0,3171
331,1045,2023-06-22,698,0,2473
332,1045,2023-07-22,481,0,1992
333,1045,2023-08-21,1313,60,679
334,1045,2023-09-20,679,0,0
335,1046,2021-08-08,514,0,47822
336,1046,2021-09-07,400,0,47422
337,1046,2021-10-07,872,5,46550
338,1046,2021-11-06,1238,15,45312
339,1046,2021-12-06,1386,0,43926
340,1046,2022-01-05,525,0,43401
341,1046,2022-02-04,1071,0,42330
342,1046,2022-03-06,728,0,41602
343,1046,2022-04-05,1351,0,40251
344,1046,2022-05-05,887,0,39364
345,1046,2022-06-04,1165,0,38199
346,1047,2022-12-18,1163,0,23053
347,1047,2023-01-17,667,30,22386
348,1047,2023-02-16,1155,0,21231
349,1047,2023-03-18,1493,0,19738
350,1047,2023-04-17,1413,0,18325
351,1047,2023-05-17,593,0,17732
352,1047,2023-06-16,1455,0,16277
353,1047,2023-07-16,1268,0,15009
354,1047,2023-08-15,514,0,14495
355,1048,2022-08-16,546,0,31988
356,1048,2022-09-15,1226,0,30762
357,1048,2022-10-15,859,0,29903
358,1048,2022-11-14,988,0,28915
359,1048,2022-12-14,1403,0,27512
360,1048,2023-01-13,1210,0,26302
361,1048,2023-02-12,1259,0,25043
362,1048,2023-03-14,1225,30,23818
363,1048,2023-04-13,1153,5,22665
364,1048,2023-05-13,1053,0,21612
365,1049,2023-06-25,887,0,18344
366,1049,2023-07-25,1007,5,17337
367,1049,2023-08-24,1407,0,15930
368,1050,2022-08-20,1216,0,36077
369,1050,2022-09-19,1309,0,34768
370,1050,2022-10-19,702,0,34066
371,1050,2022-11-18,505,0,33561
372,1050,2022-12-18,1167,0,32394
373,1050,2023-01-17,318,0,32076
374,1050,2023-02-16,1330,0,30746
375,1051,2021-10-01,879,0,30735
376,1051,2021-10-31,624,0,30111
377,1051,2021-11-30,1291,0,28820
378,1051,2021-12-30,530,5,28290
379,1051,2022-01-29,693,0,27597
380,1051,2022-02-28,1451,0,26146
381,1051,2022-03-30,691,0,25455
382,1052,2023-05-12,1401,0,39857
383,1052,2023-06-11,348,0,39509
384,1052,2023-07-11,368,0,39141
385,1053,2022-06-19,1494,0,31759
386,1053,2022-07-19,1315,5,30444
387,1053,2022-08-18,520,0,29924
388,1053,2022-09-17,394,5,29530
389,1053,2022-10-17,1196,0,28334
390,1053,2022-11-16,518,0,27816
391,1054,2021-06-10,1282,0,45796
392,1054,2021-07-10,785,0,45011
393,1054,2021-08-09,455,0,44556
394,1054,2021-09-08,1380,0,43176
395,1054,2021-10-08,536,0,42640
396,1054,2021-11-07,576,0,42064
397,1054,2021-12-07,851,0,41213
398,1054,2022-01-06,938,0,40275
399,1054,2022-02-05,354,0,39921
400,1054,2022-03-07,983,0,38938
401,1055,2022-05-30,672,0,45080
402,1055,2022-06-29,500,0,44580
403,1055,2022-07-29,574,15,44006
404,1055,2022-08-28,1441,0,42565
405,1055,2022-09-27,341,15,42224
406,1055,2022-10-27,628,0,41596
407,1055,2022-11-26,1242,0,40354
408,1056,2023-04-29,1342,0,21646
409,1056,2023-05-29,722,5,20924
410,1056,2023-06-28,1057,0,19867
411,1056,2023-07-28,1404,5,18463
412,1056,2023-08-27,723,0,17740
413,1056,2023-09-26,503,0,17237
414,1057,2022-11-08,495,0,35542
415,1057,2022-12-08,313,0,35229
416,1057,2023-01-07,1380,0,33849
417,1057,2023-02-06,828,5,33021
418,1057,2023-03-08,508,5,32513
419,1057,2023-04-07,551,0,31962
420,1057,2023-05-07,1219,0,30743
421,1057,2023-06-06,718,0,30025
422,1057,2023-07-06,1399,0,28626
423,1057,2023-08-05,1024,0,27602
424,1057,2023-09-04,940,0,26662
425,1058,2021-02-20,1191,0,16028
426,1058,2021-03-22,1350,0,14678
427,1058,2021-04-21,978,5,13700
428,1058,2021-05-21,1405,5,12295
429,1058,2021-06-20,1121,15,11174
430,1058,2021-07-20,1485,0,9689
431,1058,2021-08-19,1361,0,8328
432,1058,2021-09-18,692,5,7636
433,1058,2021-10-18,793,0,6843
434,1059,2023-05-21,846,0,4389
435,1059,2023-06-20,457,5,3932
436,1059,2023-07-20,1259,0,2673
437,1059,2023-08-19,493,0,2180
438,1059,2023-09-18,1473,0,707
439,1060,2021-07-16,1192,0,46737
440,1060,2021-08-15,367,0,46370
441,1060,2021-09-14,516,0,45854
442,1060,2021-10-14,439,15,45415
443,1060,2021-11-13,477,0,44938
444,1060,2021-12-13,679,30,44259
445,1061,2021-10-31,749,0,6159
446,1061,2021-11-30,1289,0,4870
447,1061,2021-12-30,316,0,4554
448,1061,2022-01-29,617,0,3937
449,1062,2022-02-22,802,0,12765
450,1062,2022-03-24,1009,0,11756
451,1062,2022-04-23,344,0,11412
452,1062,2022-05-23,717,0,10695
453,1062,2022-06-22,1401,0,9294
454,1063,2022-09-23,814,0,40484
455,1063,2022-10-23,373,0,40111
456,1063,2022-11-22,808,0,39303
457,1063,2022-12-22,987,0,38316
458,1063,2023-01-21,1327,0,36989
459,1063,2023-02-20,899,0,36090
460,1063,2023-03-22,624,0,35466
461,1064,2021-12-12,1016,0,9240
462,1064,2022-01-11,835,5,8405
463,1064,2022-02-10,451,30,7954
464,1064,2022-03-12,558,0,7396
465,1064,2022-04-11,1168,0,6228
466,1064,2022-05-11,609,0,5619
467,1064,2022-06-10,1379,0,4240
468,1064,2022-07-10,760,5,3480
469,1064,2022-08-09,1145,0,2335
470,1064,2022-09-08,561,0,1774
471,1064,2022-10-08,654,0,1120
472,1065,2021-02-13,479,0,23540
473,1065,2021-03-15,470,5,23070
474,1065,2021-04-14,833,0,22237
475,1065,2021-05-14,738,5,21499
476,1066,2021-09-29,695,0,12467
477,1066,2021-10-29,383,5,12084
478,1066,2021-11-28,1336,0,10748
479,1066,2021-12-28,992,0,9756
480,1066,2022-01-27,1443,0,8313
481,1066,2022-02-26,1380,0,6933
482,1066,2022-03-28,939,0,5994
483,1066,2022-04-27,558,0,5436
484,1066,2022-05-27,1029,0,4407
485,1066,2022-06-26,1138,0,3269
486,1066,2022-07-26,1439,0,1830
487,1066,2022-08-25,842,0,988
488,1067,2023-03-18,1389,15,9026
489,1067,2023-04-17,746,0,8280
490,1067,2023-05-17,740,0,7540
491,1067,2023-06-16,763,0,6777
492,1067,2023-07-16,1010,0,5767
493,1067,2023-08-15,694,0,5073
494,1067,2023-09-14,1414,0,3659
495,1067,2023-10-14,1489,0,2170
496,1067,2023-11-13,513,0,1657
497,1068,2022-01-11,348,0,40811
498,1068,2022-02-10,432,0,40379
499,1068,2022-03-12,1489,0,38890
500,1069,2022-08-18,778,0,48147
501,1069,2022-09-17,981,0,47166
502,1069,2022-10-17,381,0,46785
503,1069,2022-11-16,315,0,46470
504,1069,2022-12-16,462,0,46008
505,1069,2023-01-15,813,0,45195
506,1069,2023-02-14,980,0,44215
507,1070,2023-07-17,1415,5,9536
508,1070,2023-08-16,959,0,8577
509,1070,2023-09-15,792,0,7785
510,1070,2023-10-15,427,0,7358
511,1070,2023-11-14,864,0,6494
512,1070,2023-12-14,752,15,5742
513,1070,2024-01-13,1037,30,4705
514,1071,2022-01-05,859,0,25993
515,1071,2022-02-04,648,5,25345
516,1071,2022-03-06,1317,0,24028
517,1071,2022-04-05,1071,0,22957
518,1071,2022-05-05,1315,0,21642
519,1071,2022-06-04,671,0,20971
520,1071,2022-07-04,1292,0,19679
521,1071,2022-08-03,1034,0,18645
522,1071,2022-09-02,365,0,18280
523,1071,2022-10-02,1434,0,16846
524,1071,2022-11-01,746,0,16100
525,1071,2022-12-01,970,0,15130
526,1072,2021-05-02,580,0,12427
527,1072,2021-06-01,895,0,11532
528,1072,2021-07-01,1374,0,10158
529,1073,2022-02-01,880,5,45952
530,1073,2022-03-03,529,15,45423
531,1073,2022-04-02,309,0,45114
532,1073,2022-05-02,975,0,44139
533,1073,2022-06-01,348,0,43791
534,1073,2022-07-01,1307,0,42484
535,1073,2022-07-31,1269,0,41215
536,1073,2022-08-30,517,0,40698
537,1073,2022-09-29,1304,0,39394
538,1073,2022-10-29,554,0,38840
539,1073,2022-11-28,570,0,38270
540,1073,2022-12-28,558,5,37712
541,1074,2022-04-30,507,0,35016
542,1074,2022-05-30,448,5,34568
543,1074,2022-06-29,454,0,34114
544,1074,2022-07-29,657,0,33457
545,1074,2022-08-28,755,0,32702
546,1074,2022-09-27,928,0,31774
547,1074,2022-10-27,785,0,30989
548,1074,2022-11-26,670,0,30319
549,1074,2022-12-26,1152,0,29167
550,1074,2023-01-25,1087,0,28080
551,1075,2022-04-03,904,0,27421
552,1075,2022-05-03,801,0,26620
553,1075,2022-06-02,1407,0,25213
554,1075,2022-07-02,848,0,24365
555,1076,2022-06-23,1416,0,24788
556,1076,2022-07-23,711,0,24077
557,1076,2022-08-22,458,0,23619
558,1076,2022-09-21,524,0,23095
559,1076,2022-10-21,810,60,22285
560,1076,2022-11-20,1287,0,20998
561,1076,2022-12-20,1026,0,19972
562,1076,2023-01-19,853,0,19119
563,1076,2023-02-18,975,0,18144
564,1077,2023-03-17,1133,0,19391
565,1077,2023-04-16,1222,30,18169
566,1077,2023-05-16,1141,0,17028
567,1077,2023-06-15,964,0,16064
568,1077,2023-07-15,366,0,15698
569,1077,2023-08-14,613,0,15085
570,1077,2023-09-13,1125,0,13960
571,1077,2023-10-13,1325,0,12635
572,1077,2023-11-12,1104,0,11531
573,1077,2023-12-12,835,0,10696
574,1077,2024-01-11,876,0,9820
575,1077,2024-02-10,1062,30,8758
576,1078,2021-03-06,1048,0,23234
577,1078,2021-04-05,794,0,22440
578,1078,2021-05-05,1122,0,21318
579,1078,2021-06-04,1281,0,20037
580,1078,2021-07-04,1144,0,18893
581,1078,2021-08-03,810,15,18083
582,1079,2021-08-24,839,0,28091
583,1079,2021-09-23,315,0,27776
584,1079,2021-10-23,542,0,27234
585,1079,2021-11-22,1211,0,26023
586,1079,2021-12-22,1004,0,25019
587,1079,2022-01-21,414,15,24605
588,1079,2022-02-20,696,60,23909
589,1079,2022-03-22,1277,60,22632
590,1079,2022-04-21,596,0,22036
591,1079,2022-05-21,1266,0,20770
592,1080,2021-04-21,306,5,4771
593,1080,2021-05-21,460,0,4311
594,1080,2021-06-20,1325,15,2986
595,1080,2021-07-20,754,0,2232
596,1080,2021-08-19,575,0,1657
597,1081,2022-08-15,1351,0,43994
598,1081,2022-09-14,355,0,43639
599,1081,2022-10-14,335,0,43304
600,1081,2022-11-13,894,0,42410
601,1081,2022-12-13,606,0,41804
602,1081,2023-01-12,918,0,40886
603,1082,2023-06-21,480,0,25131
604,1082,2023-07-21,367,15,24764
605,1082,2023-08-20,480,0,24284
606,1082,2023-09-19,1213,0,23071
607,1082,2023-10-19,1344,0,21727
608,1082,2023-11-18,338,0,21389
609,1082,2023-12-18,901,0,20488
610,1083,2022-02-22,1396,0,20588
611,1083,2022-03-24,860,0,19728
612,1083,2022-04-23,475,0,19253
613,1083,2022-05-23,1382,0,17871
614,1083,2022-06-22,1170,0,16701
615,1084,2021-02-01,1054,0,18006
616,1084,2021-03-03,1446,15,16560
617,1084,2021-04-02,439,0,16121
618,1084,2021-05-02,569,0,15552
619,1084,2021-06-01,805,15,14747
620,1085,2022-02-24,1494,0,20955
621,1085,2022-03-26,1112,0,19843
622,1085,2022-04-25,1228,0,18615
623,1085,2022-05-25,308,0,18307
624,1085,2022-06-24,1352,0,16955
625,1085,2022-07-24,761,0,16194
626,1085,2022-08-23,689,0,15505
627,1085,2022-09-22,456,0,15049
628,1085,2022-10-22,559,0,14490
629,1085,2022-11-21,1495,5,12995
630,1085,2022-12-21,374,0,12621
631,1085,2023-01-20,925,0,11696
632,1086,2022-08-19,1173,15,22347
633,1086,2022-09-18,554,0,21793
634,1086,2022-10-18,411,60,21382
635,1086,2022-11-17,1297,0,20085
636,1086,2022-12-17,1186,0,18899
637,1086,2023-01-16,1415,0,17484
638,1086,2023-02-15,819,0,16665
639,1086,2023-03-17,535,0,16130
640,1087,2021-05-16,1226,0,47077
641,1087,2021-06-15,533,0,46544
642,1087,2021-07-15,878,0,45666
643,1087,2021-08-14,503,0,45163
644,1087,2021-09-13,773,0,44390
645,1087,2021-10-13,1204,0,43186
646,1087,2021-11-12,361,0,42825
647,1088,2023-03-13,1464,15,13046
648,1088,2023-04-12,974,0,12072
649,1088,2023-05-12,1108,0,10964
650,1088,2023-06-11,330,0,10634
651,1088,2023-07-11,429,0,10205
652,1088,2023-08-10,357,0,9848
653,1089,2023-05-02,1067,60,33220
654,1089,2023-06-01,1485,0,31735
655,1089,2023-07-01,1394,0,30341
656,1089,2023-07-31,1185,0,29156
657,1089,2023-08-30,696,0,28460
658,1089,2023-09-29,612,0,27848
659,1089,2023-10-29,1110,0,26738
660,1089,2023-11-28,1109,0,25629
661,1089,2023-12-28,749,0,24880
662,1089,2024-01-27,1285,0,23595
663,1089,2024-02-26,399,0,23196
664,1089,2024-03-27,855,5,22341
665,1090,2022-05-22,790,0,32383
666,1090,2022-06-21,1191,0,31192
667,1090,2022-07-21,1124,30,30068
668,1090,2022-08-20,1438,5,28630
669,1091,2023-01-03,1072,0,43639
670,1091,2023-02-02,627,0,43012
671,1091,2023-03-04,1222,0,41790
672,1091,2023-04-03,325,0,41465
673,1091,2023-05-03,1406,0,40059
674,1091,2023-06-02,981,0,39078
675,1091,2023-07-02,468,0,38610
676,1091,2023-08-01,528,0,38082
677,1091,2023-08-31,666,60,37416
678,1091,2023-09-30,823,0,36593
679,1091,2023-10-30,405,0,36188
680,1092,2022-03-08,432,0,16522
681,1092,2022-04-07,568,0,15954
682,1092,2022-05-07,1090,0,14864
683,1092,2022-06-06,317,0,14547
684,1092,2022-07-06,1097,15,13450
685,1092,2022-08-05,850,0,12600
686,1092,2022-09-04,1052,0,11548
687,1093,2023-01-30,945,0,11859
688,1093,2023-03-01,977,0,10882
689,1093,2023-03-31,957,0,9925
690,1094,2022-08-09,1287,0,10278
691,1094,2022-09-08,745,0,9533
692,1094,2022-10-08,369,0,9164
693,1094,2022-11-07,1073,0,8091
694,1094,2022-12-07,1422,0,6669
695,1094,2023-01-06,1243,0,5426
696,1094,2023-02-05,1245,15,4181
697,1094,2023-03-07,1024,0,3157
698,1094,2023-04-06,550,0,2607
699,1094,2023-05-06,1375,0,1232
700,1095,2021-07-11,1374,15,9610
701,1095,2021-08-10,1102,0,8508
702,1095,2021-09-09,1322,0,7186
703,1095,2021-10-09,1137,0,6049
704,1096,2021-08-20,622,0,25904
705,1096,2021-09-19,628,0,25276
706,1096,2021-10-19,432,30,24844
707,1097,2021-10-27,905,0,41533
708,1097,2021-11-26,428,0,41105
709,1097,2021-12-26,328,5,40777
710,1097,2022-01-25,632,0,40145
711,1097,2022-02-24,1496,0,38649
712,1097,2022-03-26,1347,0,37302
713,1097,2022-04-25,655,60,36647
714,1097,2022-05-25,1497,0,35150
715,1097,2022-06-24,795,0,34355
716,1097,2022-07-24,1127,0,33228
717,1097,2022-08-23,598,0,32630
718,1098,2023-06-12,363,0,23211
719,1098,2023-07-12,1133,0,22078
720,1098,2023-08-11,805,0,21273
721,1099,2023-04-26,1132,0,13052
722,1099,2023-05-26,1157,5,11895
723,1099,2023-06-25,1105,0,10790
724,1099,2023-07-25,1060,0,9730
725,1099,2023-08-24,582,15,9148
726,1099,2023-09-23,497,0,8651
727,1099,2023-10-23,855,0,7796
728,1099,2023-11-22,1340,15,6456
729,1099,2023-12-22,979,0,5477
730,1099,2024-01-21,1198,0,4279
731,1099,2024-02-20,1261,0,3018
732,1100,2021-10-28,514,5,23582
733,1100,2021-11-27,692,15,22890
734,1100,2021-12-27,1392,0,21498
735,1100,2022-01-26,1308,0,20190
736,1100,2022-02-25,972,0,19218
737,1100,2022-03-27,1497,0,17721
738,1100,2022-04-26,519,0,17202
739,1100,2022-05-26,1453,0,15749
740,1101,2022-05-01,1325,0,5867
741,1101,2022-05-31,1381,0,4486
742,1101,2022-06-30,1240,15,3246
743,1101,2022-07-30,1343,0,1903
744,1101,2022-08-29,337,0,1566
745,1102,2022-05-07,1227,0,37789
746,1102,2022-06-06,1036,0,36753
747,1102,2022-07-06,1072,5,35681
748,1102,2022-08-05,1220,0,34461
749,1102,2022-09-04,631,0,33830
750,1102,2022-10-04,996,0,32834
751,1102,2022-11-03,686,0,32148
752,1102,2022-12-03,767,0,31381
753,1102,2023-01-02,1427,0,29954
754,1102,2023-02-01,499,0,29455
755,1102,2023-03-03,511,0,28944
756,1103,2023-01-27,1183,0,15063
757,1103,2023-02-26,850,30,14213
758,1103,2023-03-28,555,0,13658
759,1103,2023-04-27,1027,0,12631
760,1104,2021-10-09,1299,0,22082
761,1104,2021-11-08,989,0,21093
762,1104,2021-12-08,806,15,20287
763,1104,2022-01-07,1103,0,19184
764,1104,2022-02-06,513,0,18671
765,1104,2022-03-08,1277,0,17394
766,1104,2022-04-07,815,0,16579
767,1104,2022-05-07,359,0,16220
768,1104,2022-06-06,1323,0,14897
769,1104,2022-07-06,1056,0,13841
770,1104,2022-08-05,732,0,13109
771,1105,2023-01-02,700,0,40755
772,1105,2023-02-01,1302,30,39453
773,1105,2023-03-03,697,0,38756
774,1105,2023-04-02,457,0,38299
775,1105,2023-05-02,888,0,37411
776,1105,2023-06-01,745,0,36666
777,1105,2023-07-01,1396,0,35270
778,1106,2021-11-22,316,15,31411
779,1106,2021-12-22,625,0,30786
780,1106,2022-01-21,912,0,29874
781,1106,2022-02-20,1220,0,28654
782,1106,2022-03-22,643,15,28011
783,1106,2022-04-21,1158,0,26853
784,1106,2022-05-21,744,0,26109
785,1106,2022-06-20,891,0,25218
786,1107,2023-01-25,1317,0,7701
787,1107,2023-02-24,823,0,6878
788,1107,2023-03-26,320,30,6558
789,1107,2023-04-25,527,0,6031
790,1107,2023-05-25,1108,0,4923
791,1108,2023-01-20,1389,0,14913
792,1108,2023-02-19,736,0,14177
793,1108,2023-03-21,558,0,13619
794,1108,2023-04-20,402,0,13217
795,1108,2023-05-20,1068,15,12149
796,1108,2023-06-19,1112,0,11037
797,1109,2023-02-18,1444,0,5526
798,1109,2023-03-20,1113,0,4413
799,1109,2023-04-19,1290,0,3123
800,1109,2023-05-19,572,0,2551
801,1109,2023-06-18,1067,0,1484
802,1109,2023-07-18,1347,15,137
803,1109,2023-08-17,137,0,0
804,1110,2022-01-03,637,0,45520
805,1110,2022-02-02,1360,0,44160
806,1110,2022-03-04,807,0,43353
807,1110,2022-04-03,1215,0,42138
808,1110,2022-05-03,385,0,41753
809,1110,2022-06-02,352,0,41401
810,1111,2023-06-28,1298,0,30904
811,1111,2023-07-28,898,0,30006
812,1111,2023-08-27,714,0,29292
813,1112,2021-03-24,762,5,35348
814,1112,2021-04-23,1453,0,33895
815,1112,2021-05-23,543,0,33352
816,1112,2021-06-22,1117,0,32235
817,1112,2021-07-22,358,0,31877
818,1112,2021-08-21,1142,0,30735
819,1112,2021-09-20,422,0,30313
820,1113,2023-04-02,738,0,21848
821,1113,2023-05-02,417,0,21431
822,1113,2023-06-01,1204,15,20227
823,1113,2023-07-01,1175,0,19052
824,1113,2023-07-31,1234,0,17818
825,1113,2023-08-30,374,0,17444
826,1113,2023-09-29,320,0,17124
827,1114,2021-09-04,859,0,28660
828,1114,2021-10-04,671,0,27989
829,1114,2021-11-03,1117,0,26872
830,1114,2021-12-03,1392,0,25480
831,1114,2022-01-02,1145,0,24335
832,1115,2023-03-05,670,0,35603
833,1115,2023-04-04,960,0,34643
834,1115,2023-05-04,1267,0,33376
835,1115,2023-06-03,811,0,32565
836,1115,2023-07-03,1418,0,31147
837,1115,2023-08-02,513,0,30634
838,1115,2023-09-01,695,0,29939
839,1115,2023-10-01,1069,0,28870
840,1115,2023-10-31,1224,0,27646
841,1115,2023-11-30,946,0,26700
842,1115,2023-12-30,953,0,25747
843,1116,2021-08-06,1305,0,25646
844,1116,2021-09-05,1149,0,24497
845,1116,2021-10-05,579,0,23918
846,1117,2022-02-14,1370,0,19004
847,1117,2022-03-16,1057,0,17947
848,1117,2022-04-15,573,0,17374
849,1117,2022-05-15,967,0,16407
850,1117,2022-06-14,1010,0,15397
851,1117,2022-07-14,1045,0,14352
852,1117,2022-08-13,904,15,13448
853,1117,2022-09-12,678,0,12770
854,1117,2022-10-12,765,0,12005
855,1117,2022-11-11,917,5,11088
856,1118,2022-06-07,399,0,10389
857,1118,2022-07-07,585,0,9804
858,1118,2022-08-06,362,0,9442
859,1118,2022-09-05,1037,0,8405
860,1118,2022-10-05,1235,0,7170
861,1118,2022-11-04,775,0,6395
862,1118,2022-12-04,352,0,6043
863,1119,2021-03-12,1435,0,8973
864,1119,2021-04-11,967,0,8006
865,1119,2021-05-11,1175,0,6831
866,1119,2021-06-10,1301,30,5530
867,1119,2021-07-10,679,0,4851
868,1119,2021-08-09,1134,0,3717
869,1120,2021-07-06,754,0,29299
870,1120,2021-08-05,702,0,28597
871,1120,2021-09-04,1438,0,27159
872,1120,2021-10-04,1115,0,26044
873,1120,2021-11-03,1092,0,24952
874,1120,2021-12-03,1092,0,23860
875,1120,2022-01-02,418,0,23442
876,1120,2022-02-01,1397,0,22045
877,1120,2022-03-03,1310,0,20735
878,1121,2021-02-14,1228,5,13218
879,1121,2021-03-16,638,5,12580
880,1121,2021-04-15,404,0,12176
881,1121,2021-05-15,1069,0,11107
882,1121,2021-06-14,1062,0,10045
883,1121,2021-07-14,678,0,9367
884,1121,2021-08-13,1012,0,8355
885,1122,2023-04-23,1037,30,4885
886,1122,2023-05-23,1011,0,3874
887,1122,2023-06-22,743,0,3131
888,1123,2021-04-05,1450,0,36737
889,1123,2021-05-05,454,0,36283
890,1123,2021-06-04,799,0,35484
891,1123,2021-07-04,1008,0,34476
892,1123,2021-08-03,1075,30,33401
893,1123,2021-09-02,436,0,32965
894,1123,2021-10-02,736,60,32229
895,1123,2021-11-01,1063,0,31166
896,1124,2023-06-06,1331,0,14458
897,1124,2023-07-06,974,0,13484
898,1124,2023-08-05,337,0,13147
899,1124,2023-09-04,720,0,12427
900,1124,2023-10-04,1402,0,11025
901,1124,2023-11-03,572,5,10453
902,1124,2023-12-03,607,0,9846
903,1124,2024-01-02,1032,0,8814
904,1124,2024-02-01,743,0,8071
905,1124,2024-03-02,704,0,7367
906,1125,2023-05-19,1077,0,36107
907,1125,2023-06-18,414,0,35693
908,1125,2023-07-18,364,0,35329
909,1125,2023-08-17,538,0,34791
910,1125,2023-09-16,1268,30,33523
911,1125,2023-10-16,494,0,33029
912,1125,2023-11-15,1220,0,31809
913,1126,2022-07-05,1334,0,4786
914,1126,2022-08-04,463,0,4323
915,1126,2022-09-03,517,0,3806
916,1126,2022-10-03,1123,0,2683
917,1126,2022-11-02,355,0,2328
918,1126,2022-12-02,1097,0,1231
919,1126,2023-01-01,1102,0,129
920,1126,2023-01-31,129,0,0
921,1127,2022-01-09,321,0,48707
922,1127,2022-02-08,1416,60,47291
923,1127,2022-03-10,1426,0,45865
924,1127,2022-04-09,939,0,44926
925,1127,2022-05-09,530,15,44396
926,1127,2022-06-08,539,0,43857
927,1127,2022-07-08,756,0,43101
928,1127,2022-08-07,1304,0,41797
929,1127,2022-09-06,644,0,41153
930,1128,2021-06-08,429,0,36725
931,1128,2021-07-08,1416,0,35309
932,1128,2021-08-07,522,0,34787
933,1129,2022-11-09,1463,0,20871
934,1129,2022-12-09,1346,15,19525
935,1129,2023-01-08,1158,0,18367
936,1130,2022-05-17,384,0,6952
937,1130,2022-06-16,539,0,6413
938,1130,2022-07-16,1121,0,5292
939,1130,2022-08-15,967,0,4325
940,1130,2022-09-14,398,5,3927
941,1130,2022-10-14,1138,0,2789
942,1130,2022-11-13,361,0,2428
943,1130,2022-12-13,1442,0,986
944,1130,2023-01-12,691,0,295
945,1131,2021-04-03,636,60,42505
946,1131,2021-05-03,1051,0,41454
947,1131,2021-06-02,1180,0,40274
948,1132,2021-06-18,319,30,6924
949,1132,2021-07-18,675,0,6249
950,1132,2021-08-17,465,0,5784
951,1132,2021-09-16,1160,15,4624
952,1133,2022-06-13,802,0,23227
953,1133,2022-07-13,884,0,22343
954,1133,2022-08-12,987,0,21356
955,1133,2022-09-11,1426,0,19930
956,1133,2022-10-11,523,0,19407
957,1133,2022-11-10,535,0,18872
958,1133,2022-12-10,1486,0,17386
959,1133,2023-01-09,481,0,16905
960,1133,2023-02-08,509,0,16396
961,1133,2023-03-10,395,0,16001
962,1133,2023-04-09,1055,0,14946
963,1133,2023-05-09,693,5,14253
964,1134,2022-09-15,903,0,36362
965,1134,2022-10-15,432,0,35930
966,1134,2022-11-14,520,0,35410
967,1134,2022-12-14,1369,0,34041
968,1134,2023-01-13,1087,0,32954
969,1134,2023-02-12,338,0,32616
970,1134,2023-03-14,461,30,32155
971,1135,2022-02-26,460,0,41920
972,1135,2022-03-28,1377,0,40543
973,1135,2022-04-27,541,60,40002
974,1135,2022-05-27,412,0,39590
975,1135,2022-06-26,322,15,39268
976,1135,2022-07-26,1441,0,37827
977,1135,2022-08-25,1318,0,36509
978,1135,2022-09-24,1436,0,35073
979,1135,2022-10-24,1175,5,33898
980,1135,2022-11-23,1126,0,32772
981,1136,2022-12-06,811,0,48061
982,1136,2023-01-05,1431,0,46630
983,1136,2023-02-04,614,15,46016
984,1136,2023-03-06,566,0,45450
985,1136,2023-04-05,788,0,44662
986,1136,2023-05-05,1295,0,43367
987,1137,2022-03-25,1171,0,27539
988,1137,2022-04-24,851,0,26688
989,1137,2022-05-24,893,0,25795
990,1137,2022-06-23,382,30,25413
991,1137,2022-07-23,1083,0,24330
992,1137,2022-08-22,1213,0,23117
993,1137,2022-09-21,982,0,22135
994,1137,2022-10-21,988,0,21147
995,1137,2022-11-20,1461,0,19686
996,1137,2022-12-20,1122,0,18564
997,1138,2021-11-15,1088,0,33398
998,1138,2021-12-15,835,0,32563
999,1138,2022-01-14,938,0,31625
1000,1138,2022-02-13,904,0,30721
1001,1138,2022-03-15,524,60,30197
1002,1138,2022-04-14,310,0,29887
1003,1139,2022-02-13,746,0,10625
1004,1139,2022-03-15,740,0,9885
1005,1139,2022-04-14,894,0,8991
1006,1139,2022-05-14,643,0,8348
1007,1139,2022-06-13,1288,0,7060
1008,1140,2023-03-14,826,0,10533
1009,1140,2023-04-13,495,0,10038
1010,1140,2023-05-13,1005,30,9033
1011,1140,2023-06-12,1104,60,7929
1012,1141,2022-06-04,1266,0,44365
1013,1141,2022-07-04,1400,5,42965
1014,1141,2022-08-03,1014,15,41951
1015,1141,2022-09-02,872,0,41079
1016,1141,2022-10-02,914,5,40165
1017,1142,2021-09-18,623,0,40373
1018,1142,2021-10-18,464,0,39909
1019,1142,2021-11-17,1097,0,38812
1020,1142,2021-12-17,1476,0,37336
1021,1142,2022-01-16,492,0,36844
1022,1142,2022-02-15,829,0,36015
1023,1142,2022-03-17,438,0,35577
1024,1142,2022-04-16,1168,0,34409
1025,1142,2022-05-16,1375,0,33034
1026,1143,2021-03-12,1017,0,24086
1027,1143,2021-04-11,700,0,23386
1028,1143,2021-05-11,904,0,22482
1029,1143,2021-06-10,1221,0,21261
1030,1143,2021-07-10,897,0,20364
1031,1143,2021-08-09,813,0,19551
1032,1143,2021-09-08,1329,0,18222
1033,1143,2021-10-08,1016,0,17206
1034,1143,2021-11-07,900,0,16306
1035,1143,2021-12-07,767,0,15539
1036,1143,2022-01-06,1379,5,14160
1037,1144,2021-02-27,1369,0,18013
1038,1144,2021-03-29,931,0,17082
1039,1144,2021-04-28,819,0,16263
1040,1144,2021-05-28,574,15,15689
1041,1144,2021-06-27,1402,5,14287
1042,1144,2021-07-27,857,0,13430
1043,1144,2021-08-26,440,0,12990
1044,1145,2021-06-14,888,0,22867
1045,1145,2021-07-14,1475,0,21392
1046,1145,2021-08-13,926,5,20466
1047,1145,2021-09-12,1294,0,19172
1048,1145,2021-10-12,761,0,18411
1049,1145,2021-11-11,776,15,17635
1050,1145,2021-12-11,1107,0,16528
1051,1145,2022-01-10,356,15,16172
1052,1145,2022-02-09,747,0,15425
1053,1145,2022-03-11,1037,0,14388
1054,1145,2022-04-10,662,0,13726
1055,1145,2022-05-10,655,15,13071
1056,1146,2021-08-19,322,0,40337
1057,1146,2021-09-18,548,0,39789
1058,1146,2021-10-18,433,0,39356
1059,1146,2021-11-17,733,0,38623
1060,1146,2021-12-17,1448,0,37175
1061,1146,2022-01-16,350,0,36825
1062,1146,2022-02-15,1169,0,35656
1063,1146,2022-03-17,1038,0,34618
1064,1146,2022-04-16,601,0,34017
1065,1147,2023-05-20,1078,0,7678
1066,1147,2023-06-19,1309,0,6369
1067,1147,2023-07-19,1464,0,4905
1068,1147,2023-08-18,613,0,4292
1069,1147,2023-09-17,1012,15,3280
1070,1147,2023-10-17,999,0,2281
1071,1147,2023-11-16,570,0,1711
1072,1147,2023-12-16,714,0,997
1073,1148,2023-03-21,1130,0,24479
1074,1148,2023-04-20,927,0,23552
1075,1148,2023-05-20,1380,5,22172
1076,1148,2023-06-19,370,0,21802
1077,1148,2023-07-19,893,0,20909
1078,1148,2023-08-18,899,0,20010
1079,1148,2023-09-17,383,0,19627
1080,1148,2023-10-17,1138,0,18489
1081,1148,2023-11-16,1109,0,17380
1082,1148,2023-12-16,1388,0,15992
1083,1149,2021-03-04,766,0,20712
1084,1149,2021-04-03,1471,0,19241
1085,1149,2021-05-03,448,0,18793
1086,1150,2021-03-19,1405,0,39037
1087,1150,2021-04-18,1164,0,37873
1088,1150,2021-05-18,323,0,37550
1089,1150,2021-06-17,610,5,36940
1090,1150,2021-07-17,963,5,35977
1091,1150,2021-08-16,1005,0,34972
1092,1150,2021-09-15,620,0,34352
1093,1150,2021-10-15,1246,0,33106
1094,1151,2022-06-17,1148,0,43518
1095,1151,2022-07-17,341,0,43177
1096,1151,2022-08-16,1238,0,41939
1097,1151,2022-09-15,1461,0,40478
1098,1151,2022-10-15,1209,0,39269
1099,1151,2022-11-14,853,0,38416
1100,1151,2022-12-14,1099,0,37317
1101,1152,2022-03-13,684,0,14463
1102,1152,2022-04-12,933,0,13530
1103,1152,2022-05-12,1148,0,12382
1104,1152,2022-06-11,1042,0,11340
1105,1152,2022-07-11,390,0,10950
1106,1152,2022-08-10,1101,5,9849
1107,1152,2022-09-09,884,0,8965
1108,1152,2022-10-09,1278,0,7687
1109,1152,2022-11-08,467,0,7220
1110,1152,2022-12-08,1204,0,6016
1111,1152,2023-01-07,449,0,5567
1112,1152,2023-02-06,1173,5,4394
1113,1153,2022-08-27,945,0,37616
1114,1153,2022-09-26,937,0,36679
1115,1153,2022-10-26,763,0,35916
1116,1153,2022-11-25,1196,5,34720
1117,1153,2022-12-25,786,0,33934
1118,1153,2023-01-24,464,0,33470
1119,1153,2023-02-23,491,0,32979
1120,1153,2023-03-25,873,0,32106
1121,1153,2023-04-24,680,30,31426
1122,1153,2023-05-24,1097,0,30329
1123,1153,2023-06-23,999,0,29330
1124,1154,2023-01-28,501,0,39383
1125,1154,2023-02-27,336,0,39047
1126,1154,2023-03-29,1064,0,37983
1127,1154,2023-04-28,1005,0,36978
1128,1154,2023-05-28,839,0,36139
1129,1154,2023-06-27,693,60,35446
1130,1154,2023-07-27,896,0,34550
1131,1154,2023-08-26,740,0,33810
1132,1154,2023-09-25,1217,0,32593
1133,1154,2023-10-25,1394,0,31199
1134,1154,2023-11-24,535,0,30664
1135,1155,2023-04-15,1485,60,9294
1136,1155,2023-05-15,359,0,8935
1137,1155,2023-06-14,524,0,8411
1138,1155,2023-07-14,881,0,7530
1139,1155,2023-08-13,1293,0,6237
1140,1155,2023-09-12,313,0,5924
1141,1155,2023-10-12,1056,5,4868
1142,1155,2023-11-11,1351,0,3517
1143,1155,2023-12-11,1015,0,2502
1144,1155,2024-01-10,403,0,2099
1145,1155,2024-02-09,1424,0,675
1146,1156,2021-05-09,1429,0,15869
1147,1156,2021-06-08,1068,0,14801
1148,1156,2021-07-08,1388,0,13413
1149,1156,2021-08-07,487,0,12926
1150,1157,2022-12-15,404,15,18749
1151,1157,2023-01-14,409,5,18340
1152,1157,2023-02-13,653,0,17687
1153,1157,2023-03-15,1388,0,16299
1154,1157,2023-04-14,1456,0,14843
1155,1157,2023-05-14,839,30,14004
1156,1157,2023-06-13,920,0,13084
1157,1157,2023-07-13,1208,0,11876
1158,1157,2023-08-12,1291,0,10585
1159,1157,2023-09-11,422,0,10163
1160,1157,2023-10-11,756,0,9407
1161,1157,2023-11-10,1216,0,8191
1162,1158,2023-06-21,1008,0,47871
1163,1158,2023-07-21,1343,0,46528
1164,1158,2023-08-20,1453,0,45075
1165,1158,2023-09-19,1455,0,43620
1166,1159,2023-01-26,1092,0,14697
1167,1159,2023-02-25,1281,0,13416
1168,1159,2023-03-27,1101,30,12315
1169,1159,2023-04-26,1161,0,11154
1170,1159,2023-05-26,1453,0,9701
1171,1159,2023-06-25,1429,0,8272
1172,1159,2023-07-25,300,0,7972
1173,1159,2023-08-24,731,5,7241
1174,1159,2023-09-23,352,0,6889
1175,1159,2023-10-23,1437,0,5452
1176,1159,2023-11-22,1489,0,3963
1177,1159,2023-12-22,928,0,3035
1178,1160,2022-07-31,1088,0,48077
1179,1160,2022-08-30,477,0,47600
1180,1160,2022-09-29,1477,0,46123
1181,1160,2022-10-29,1177,0,44946
1182,1160,2022-11-28,1058,0,43888
1183,1160,2022-12-28,744,0,43144
1184,1161,2023-02-08,901,0,17098
1185,1161,2023-03-10,444,0,16654
1186,1161,2023-04-09,1052,0,15602
1187,1161,2023-05-09,776,0,14826
1188,1161,2023-06-08,1476,15,13350
1189,1161,2023-07-08,1451,0,11899
1190,1162,2022-10-05,830,0,4984
1191,1162,2022-11-04,980,0,4004
1192,1162,2022-12-04,1370,0,2634
1193,1162,2023-01-03,443,0,2191
1194,1162,2023-02-02,980,0,1211
1195,1162,2023-03-04,384,0,827
1196,1162,2023-04-03,781,5,46
1197,1162,2023-05-03,46,0,0
1198,1163,2022-05-07,1419,0,14122
1199,1163,2022-06-06,677,0,13445
1200,1163,2022-07-06,404,0,13041
1201,1163,2022-08-05,629,0,12412
1202,1163,2022-09-04,681,15,11731
1203,1163,2022-10-04,1142,15,10589
1204,1163,2022-11-03,695,0,9894
1205,1163,2022-12-03,763,0,9131
1206,1164,2022-11-04,319,0,29619
1207,1164,2022-12-04,717,0,28902
1208,1164,2023-01-03,1354,0,27548
1209,1164,2023-02-02,485,0,27063
1210,1164,2023-03-04,552,0,26511
1211,1164,2023-04-03,1459,0,25052
1212,1164,2023-05-03,1153,0,23899
1213,1164,2023-06-02,1212,0,22687
1214,1164,2023-07-02,820,0,21867
1215,1164,2023-08-01,1216,0,20651
1216,1164,2023-08-31,1462,15,19189
1217,1165,2023-03-10,1433,0,6010
1218,1165,2023-04-09,947,0,5063
1219,1165,2023-05-09,983,0,4080
1220,1165,2023-06-08,1370,0,2710
1221,1165,2023-07-08,859,0,1851
1222,1165,2023-08-07,512,5,1339
1223,1165,2023-09-06,807,0,532
1224,1166,2021-02-04,1399,0,14058
1225,1166,2021-03-06,1115,0,12943
1226,1166,2021-04-05,405,0,12538
1227,1166,2021-05-05,1125,0,11413
1228,1166,2021-06-04,1180,0,10233
1229,1166,2021-07-04,839,0,9394
1230,1166,2021-08-03,1281,0,8113
1231,1166,2021-09-02,441,0,7672
1232,1166,2021-10-02,1407,0,6265
1233,1166,2021-11-01,844,0,5421
1234,1166,2021-12-01,1481,0,3940
1235,1167,2021-09-05,1020,0,14360
1236,1167,2021-10-05,563,0,13797
1237,1167,2021-11-04,895,0,12902
1238,1167,2021-12-04,1382,0,11520
1239,1168,2022-06-17,1254,15,11529
1240,1168,2022-07-17,1149,0,10380
1241,1168,2022-08-16,905,0,9475
1242,1169,2023-03-08,1045,0,48196
1243,1169,2023-04-07,1241,0,46955
1244,1169,2023-05-07,1239,0,45716
1245,1169,2023-06-06,1034,0,44682
1246,1169,2023-07-06,1411,0,43271
1247,1169,2023-08-05,1389,0,41882
1248,1169,2023-09-04,332,15,41550
1249,1169,2023-10-04,857,0,40693
1250,1169,2023-11-03,1124,0,39569
1251,1170,2022-03-04,360,0,22008
1252,1170,2022-04-03,571,0,21437
1253,1170,2022-05-03,927,0,20510
1254,1170,2022-06-02,1004,0,19506
1255,1170,2022-07-02,1425,0,18081
1256,1170,2022-08-01,794,0,17287
1257,1170,2022-08-31,878,0,16409
1258,1170,2022-09-30,922,0,15487
1259,1170,2022-10-30,1094,0,14393
1260,1171,2023-06-20,382,0,19946
1261,1171,2023-07-20,648,0,19298
1262,1171,2023-08-19,410,0,18888
1263,1171,2023-09-18,375,0,18513
1264,1171,2023-10-18,628,0,17885
1265,1171,2023-11-17,1490,0,16395
1266,1171,2023-12-17,1346,0,15049
1267,1172,2023-04-05,308,15,30907
1268,1172,2023-05-05,1222,0,29685
1269,1172,2023-06-04,1375,0,28310
1270,1172,2023-07-04,1374,0,26936
1271,1172,2023-08-03,920,0,26016
1272,1172,2023-09-02,495,0,25521
1273,1172,2023-10-02,447,0,25074
1274,1173,2022-02-27,905,0,37690
1275,1173,2022-03-29,528,5,37162
1276,1173,2022-04-28,836,0,36326
1277,1173,2022-05-28,1334,0,34992
1278,1174,2021-08-25,1412,0,30894
1279,1174,2021-09-24,988,0,29906
1280,1174,2021-10-24,580,0,29326
1281,1174,2021-11-23,1136,0,28190
1282,1175,2021-02-14,446,0,24469
1283,1175,2021-03-16,929,0,23540
1284,1175,2021-04-15,443,0,23097
1285,1175,2021-05-15,313,0,22784
1286,1175,2021-06-14,1157,0,21627
1287,1176,2023-06-07,922,0,43993
1288,1176,2023-07-07,371,0,43622
1289,1176,2023-08-06,373,0,43249
1290,1176,2023-09-05,796,0,42453
1291,1176,2023-10-05,879,30,41574
1292,1176,2023-11-04,672,0,40902
1293,1176,2023-12-04,623,0,40279
1294,1176,2024-01-03,1035,5,39244
1295,1176,2024-02-02,645,0,38599
1296,1176,2024-03-03,1018,0,37581
1297,1177,2022-08-07,963,0,41256
1298,1177,2022-09-06,310,0,40946
1299,1177,2022-10-06,1338,0,39608
1300,1177,2022-11-05,710,0,38898
1301,1178,2023-07-11,1351,0,18992
1302,1178,2023-08-10,1288,0,17704
1303,1178,2023-09-09,1042,5,16662
1304,1178,2023-10-09,1427,0,15235
1305,1178,2023-11-08,1273,30,13962
1306,1178,2023-12-08,1377,0,12585
1307,1179,2022-05-06,1381,0,42346
1308,1179,2022-06-05,552,0,41794
1309,1179,2022-07-05,1481,0,40313
1310,1179,2022-08-04,1390,0,38923
1311,1179,2022-09-03,400,15,38523
1312,1179,2022-10-03,1135,0,37388
1313,1179,2022-11-02,1173,0,36215
1314,1179,2022-12-02,746,0,35469
1315,1179,2023-01-01,1491,0,33978
1316,1180,2022-12-22,741,0,4385
1317,1180,2023-01-21,972,0,3413
1318,1180,2023-02-20,1308,0,2105
1319,1180,2023-03-22,1309,15,796
1320,1180,2023-04-21,796,15,0
1321,1181,2022-08-28,1137,0,31495
1322,1181,2022-09-27,385,0,31110
1323,1181,2022-10-27,612,0,30498
1324,1181,2022-11-26,1204,0,29294
1325,1181,2022-12-26,430,0,28864
1326,1181,2023-01-25,1088,0,27776
1327,1181,2023-02-24,479,0,27297
1328,1181,2023-03-26,1486,0,25811
1329,1181,2023-04-25,1419,0,24392
1330,1181,2023-05-25,664,0,23728
1331,1182,2023-06-13,1406,0,45157
1332,1182,2023-07-13,1034,0,44123
1333,1182,2023-08-12,781,0,43342
1334,1182,2023-09-11,889,0,42453
1335,1182,2023-10-11,681,0,41772
1336,1182,2023-11-10,543,0,41229
1337,1183,2023-02-12,1165,0,48244
1338,1183,2023-03-14,903,0,47341
1339,1183,2023-04-13,1396,0,45945
1340,1183,2023-05-13,1159,0,44786
1341,1183,2023-06-12,312,0,44474
1342,1183,2023-07-12,1374,0,43100
1343,1184,2021-09-28,837,30,24693
1344,1184,2021-10-28,675,0,24018
1345,1184,2021-11-27,655,0,23363
1346,1184,2021-12-27,1367,0,21996
1347,1184,2022-01-26,422,0,21574
1348,1184,2022-02-25,629,0,20945
1349,1184,2022-03-27,622,0,20323
1350,1184,2022-04-26,1412,0,18911
1351,1184,2022-05-26,1093,15,17818
1352,1184,2022-06-25,838,0,16980
1353,1184,2022-07-25,556,0,16424
1354,1184,2022-08-24,1170,5,15254
1355,1185,2022-08-17,1108,0,43856
1356,1185,2022-09-16,570,15,43286
1357,1185,2022-10-16,1437,0,41849
1358,1185,2022-11-15,1285,5,40564
1359,1185,2022-12-15,1492,0,39072
1360,1185,2023-01-14,1186,0,37886
1361,1186,2021-05-06,586,0,48741
1362,1186,2021-06-05,1042,0,47699
1363,1186,2021-07-05,1346,0,46353
1364,1186,2021-08-04,595,5,45758
1365,1186,2021-09-03,980,0,44778
1366,1187,2023-07-19,1124,0,7244
1367,1187,2023-08-18,626,15,6618
1368,1187,2023-09-17,1060,30,5558
1369,1187,2023-10-17,1336,0,4222
1370,1187,2023-11-16,664,30,3558
1371,1187,2023-12-16,372,0,3186
1372,1187,2024-01-15,1369,0,1817
1373,1188,2023-02-03,423,0,8374
1374,1188,2023-03-05,842,0,7532
1375,1188,2023-04-04,1198,0,6334
1376,1189,2022-05-30,1210,30,17508
1377,1189,2022-06-29,1131,0,16377
1378,1189,2022-07-29,925,0,15452
1379,1189,2022-08-28,1488,0,13964
1380,1189,2022-09-27,390,0,13574
1381,1189,2022-10-27,506,0,13068
1382,1189,2022-11-26,815,5,12253
1383,1189,2022-12-26,1046,0,11207
1384,1189,2023-01-25,694,0,10513
1385,1189,2023-02-24,922,60,9591
1386,1189,2023-03-26,832,0,8759
1387,1189,2023-04-25,438,0,8321
1388,1190,2022-03-13,929,0,38631
1389,1190,2022-04-12,867,0,37764
1390,1190,2022-05-12,1104,0,36660
1391,1191,2021-09-18,1273,0,14780
1392,1191,2021-10-18,624,0,14156
1393,1191,2021-11-17,587,0,13569
1394,1191,2021-12-17,1266,0,12303
1395,1192,2023-02-18,797,0,26319
1396,1192,2023-03-20,359,0,25960
1397,1192,2023-04-19,876,0,25084
1398,1192,2023-05-19,337,0,24747
1399,1192,2023-06-18,760,0,23987
1400,1192,2023-07-18,656,0,23331
1401,1192,2023-08-17,1481,5,21850
1402,1192,2023-09-16,1371,0,20479
1403,1192,2023-10-16,355,0,20124
1404,1192,2023-11-15,368,30,19756
1405,1192,2023-12-15,1201,0,18555
1406,1192,2024-01-14,1092,0,17463
1407,1193,2022-11-16,1045,5,40199
1408,1193,2022-12-16,615,0,39584
1409,1193,2023-01-15,733,0,38851
1410,1193,2023-02-14,1468,0,37383
1411,1193,2023-03-16,719,0,36664
1412,1193,2023-04-15,1143,0,35521
1413,1193,2023-05-15,733,0,34788
1414,1193,2023-06-14,356,0,34432
1415,1193,2023-07-14,1276,0,33156
1416,1193,2023-08-13,345,0,32811
1417,1193,2023-09-12,716,0,32095
1418,1193,2023-10-12,546,0,31549
1419,1194,2021-07-20,936,30,40249
1420,1194,2021-08-19,1403,0,38846
1421,1194,2021-09-18,1388,0,37458
1422,1194,2021-10-18,1012,0,36446
1423,1194,2021-11-17,900,0,35546
1424,1194,2021-12-17,838,0,34708
1425,1194,2022-01-16,360,0,34348
1426,1194,2022-02-15,311,0,34037
1427,1194,2022-03-17,331,0,33706
1428,1194,2022-04-16,536,0,33170
1429,1195,2022-07-25,1403,0,5242
1430,1195,2022-08-24,1286,0,3956
1431,1195,2022-09-23,772,0,3184
1432,1195,2022-10-23,411,0,2773
1433,1195,2022-11-22,682,0,2091
1434,1195,2022-12-22,1225,0,866
1435,1195,2023-01-21,416,0,450
1436,1196,2021-03-07,1113,0,23143
1437,1196,2021-04-06,943,0,22200
1438,1196,2021-05-06,1221,0,20979
1439,1196,2021-06-05,446,60,20533
1440,1196,2021-07-05,984,0,19549
1441,1197,2022-07-09,362,0,40478
1442,1197,2022-08-08,748,0,39730
1443,1197,2022-09-07,979,0,38751
1444,1197,2022-10-07,760,0,37991
1445,1197,2022-11-06,763,15,37228
1446,1197,2022-12-06,1325,0,35903
1447,1197,2023-01-05,371,0,35532
1448,1197,2023-02-04,1493,0,34039
1449,1197,2023-03-06,636,0,33403
1450,1198,2021-07-09,1311,0,38311
1451,1198,2021-08-08,306,0,38005
1452,1198,2021-09-07,865,0,37140
1453,1198,2021-10-07,872,0,36268
1454,1198,2021-11-06,541,0,35727
1455,1199,2023-05-19,1403,0,41027
1456,1199,2023-06-18,1065,0,39962
1457,1199,2023-07-18,1195,0,38767
1458,1200,2022-12-30,918,0,43364
1459,1200,2023-01-29,422,0,42942
1460,1200,2023-02-28,1140,0,41802
1461,1200,2023-03-30,906,0,40896
1462,1200,2023-04-29,865,0,40031
1463,1200,2023-05-29,1264,0,38767
1464,1200,2023-06-28,1382,0,37385
1465,1201,2021-09-30,515,0,7193
1466,1201,2021-10-30,956,0,6237
1467,1201,2021-11-29,610,0,5627
1468,1201,2021-12-29,556,0,5071
1469,1201,2022-01-28,351,0,4720
1470,1201,2022-02-27,1390,0,3330
1471,1201,2022-03-29,599,0,2731
1472,1201,2022-04-28,1131,0,1600
1473,1201,2022-05-28,1391,0,209
1474,1201,2022-06-27,209,0,0
1475,1202,2021-04-26,919,0,15775
1476,1202,2021-05-26,1301,0,14474
1477,1202,2021-06-25,428,0,14046
1478,1203,2023-04-06,485,0,14039
1479,1203,2023-05-06,791,0,13248
1480,1203,2023-06-05,1390,0,11858
1481,1203,2023-07-05,584,0,11274
1482,1203,2023-08-04,1423,0,9851
1483,1203,2023-09-03,1189,0,8662
1484,1203,2023-10-03,540,0,8122
1485,1204,2022-08-31,475,0,36405
1486,1204,2022-09-30,1152,0,35253
1487,1204,2022-10-30,751,0,34502
1488,1205,2022-12-13,340,0,43884
1489,1205,2023-01-12,593,0,43291
1490,1205,2023-02-11,840,60,42451
1491,1205,2023-03-13,750,0,41701
1492,1205,2023-04-12,1384,0,40317
1493,1205,2023-05-12,1089,0,39228
1494,1205,2023-06-11,1190,0,38038
1495,1206,2022-08-10,632,5,41348
1496,1206,2022-09-09,354,0,40994
1497,1206,2022-10-09,1096,0,39898
1498,1207,2022-08-27,1435,0,35974
1499,1207,2022-09-26,1016,5,34958
1500,1207,2022-10-26,771,0,34187
1501,1207,2022-11-25,888,0,33299
1502,1207,2022-12-25,863,0,32436
1503,1207,2023-01-24,766,0,31670
1504,1207,2023-02-23,1291,0,30379
1505,1207,2023-03-25,1293,0,29086
1506,1207,2023-04-24,1443,0,27643
1507,1207,2023-05-24,1002,0,26641
1508,1207,2023-06-23,962,0,25679
1509,1208,2022-11-07,611,0,17613
1510,1208,2022-12-07,1420,5,16193
1511,1208,2023-01-06,755,0,15438
1512,1208,2023-02-05,431,0,15007
1513,1209,2023-04-06,420,0,45318
1514,1209,2023-05-06,933,15,44385
1515,1209,2023-06-05,1071,0,43314
1516,1210,2021-02-27,1484,15,28666
1517,1210,2021-03-29,827,60,27839
1518,1210,2021-04-28,1410,0,26429
1519,1210,2021-05-28,1098,0,25331
1520,1210,2021-06-27,311,0,25020
1521,1210,2021-07-27,1140,0,23880
1522,1210,2021-08-26,1438,0,22442
1523,1210,2021-09-25,405,0,22037
1524,1210,2021-10-25,1145,0,20892
1525,1210,2021-11-24,780,0,20112
1526,1210,2021-12-24,1197,0,18915
1527,1210,2022-01-23,938,0,17977
1528,1211,2022-10-12,1114,0,38279
1529,1211,2022-11-11,716,0,37563
1530,1211,2022-12-11,384,0,37179
1531,1211,2023-01-10,767,0,36412
1532,1211,2023-02-09,1296,0,35116
1533,1211,2023-03-11,772,5,34344
1534,1211,2023-04-10,574,0,33770
1535,1211,2023-05-10,789,30,32981
1536,1211,2023-06-09,828,0,32153
1537,1211,2023-07-09,785,15,31368
1538,1211,2023-08-08,1407,0,29961
1539,1212,2022-08-09,1477,0,46605
1540,1212,2022-09-08,563,0,46042
1541,1212,2022-10-08,720,0,45322
1542,1212,2022-11-07,1292,0,44030
1543,1212,2022-12-07,303,0,43727
1544,1213,2022-01-05,1433,0,11540
1545,1213,2022-02-04,882,0,10658
1546,1213,2022-03-06,680,5,9978
1547,1213,2022-04-05,643,0,9335
1548,1213,2022-05-05,465,0,8870
1549,1213,2022-06-04,1342,30,7528
1550,1213,2022-07-04,844,0,6684
1551,1213,2022-08-03,491,0,6193
1552,1213,2022-09-02,879,0,5314
1553,1213,2022-10-02,936,0,4378
1554,1213,2022-11-01,1382,0,2996
1555,1213,2022-12-01,795,0,2201
1556,1214,2023-04-08,308,0,13269
1557,1214,2023-05-08,572,0,12697
1558,1214,2023-06-07,1331,0,11366
1559,1214,2023-07-07,1446,0,9920
1560,1214,2023-08-06,503,0,9417
1561,1214,2023-09-05,816,0,8601
1562,1214,2023-10-05,988,0,7613
1563,1214,2023-11-04,638,0,6975
1564,1215,2021-12-27,686,0,12384
1565,1215,2022-01-26,805,0,11579
1566,1215,2022-02-25,979,0,10600
1567,1215,2022-03-27,989,0,9611
1568,1215,2022-04-26,922,0,8689
1569,1215,2022-05-26,1252,0,7437
1570,1215,2022-06-25,794,0,6643
1571,1215,2022-07-25,1046,0,5597
1572,1215,2022-08-24,644,0,4953
1573,1215,2022-09-23,1119,0,3834
1574,1216,2022-11-01,644,0,13022
1575,1216,2022-12-01,995,0,12027
1576,1216,2022-12-31,468,0,11559
1577,1217,2022-06-20,676,0,40692
1578,1217,2022-07-20,692,0,40000
1579,1217,2022-08-19,1245,0,38755
1580,1218,2022-01-13,1496,0,10287
1581,1218,2022-02-12,525,5,9762
1582,1218,2022-03-14,1134,0,8628
1583,1218,2022-04-13,536,0,8092
1584,1218,2022-05-13,1461,0,6631
1585,1218,2022-06-12,852,0,5779
1586,1219,2022-05-18,616,0,46298
1587,1219,2022-06-17,1185,0,45113
1588,1219,2022-07-17,557,0,44556
1589,1219,2022-08-16,1056,5,43500
1590,1219,2022-09-15,1494,0,42006
1591,1219,2022-10-15,1382,0,40624
1592,1219,2022-11-14,559,0,40065
1593,1220,2021-09-18,553,0,9418
1594,1220,2021-10-18,1027,0,8391
1595,1220,2021-11-17,368,0,8023
1596,1220,2021-12-17,388,0,7635
1597,1220,2022-01-16,512,0,7123
1598,1220,2022-02-15,1211,0,5912
1599,1220,2022-03-17,632,0,5280
1600,1220,2022-04-16,1304,0,3976
1601,1220,2022-05-16,726,60,3250
1602,1220,2022-06-15,453,15,2797
1603,1220,2022-07-15,1480,0,1317
1604,1221,2021-08-08,1282,15,17208
1605,1221,2021-09-07,878,0,16330
1606,1221,2021-10-07,462,0,15868
1607,1222,2021-09-12,841,0,6149
1608,1222,2021-10-12,726,0,5423
1609,1222,2021-11-11,785,0,4638
1610,1222,2021-12-11,629,0,4009
1611,1222,2022-01-10,1290,0,2719
1612,1223,2022-02-19,442,0,9857
1613,1223,2022-03-21,1046,0,8811
1614,1223,2022-04-20,389,5,8422
1615,1223,2022-05-20,780,0,7642
1616,1223,2022-06-19,972,0,6670
1617,1223,2022-07-19,1081,0,5589
1618,1224,2022-02-11,638,0,24318
1619,1224,2022-03-13,1199,0,23119
1620,1224,2022-04-12,906,0,22213
1621,1224,2022-05-12,1376,0,20837
1622,1224,2022-06-11,802,0,20035
1623,1224,2022-07-11,1121,0,18914
1624,1224,2022-08-10,464,0,18450
1625,1224,2022-09-09,1393,15,17057
1626,1224,2022-10-09,1447,15,15610
1627,1225,2021-11-09,1345,0,26014
1628,1225,2021-12-09,749,0,25265
1629,1225,2022-01-08,1371,0,23894
1630,1225,2022-02-07,1020,15,22874
1631,1225,2022-03-09,406,0,22468
1632,1225,2022-04-08,1409,0,21059
1633,1225,2022-05-08,1460,0,19599
1634,1225,2022-06-07,635,5,18964
1635,1225,2022-07-07,901,0,18063
1636,1225,2022-08-06,839,0,17224
1637,1226,2022-10-25,923,0,41225
1638,1226,2022-11-24,1379,0,39846
1639,1226,2022-12-24,478,0,39368
1640,1226,2023-01-23,1092,0,38276
1641,1226,2023-02-22,1109,0,37167
1642,1226,2023-03-24,948,0,36219
1643,1226,2023-04-23,775,0,35444
1644,1226,2023-05-23,469,0,34975
1645,1226,2023-06-22,769,30,34206
1646,1226,2023-07-22,1341,5,32865
1647,1227,2022-10-20,891,0,32843
1648,1227,2022-11-19,755,0,32088
1649,1227,2022-12-19,1110,0,30978
1650,1227,2023-01-18,1010,0,29968
1651,1227,2023-02-17,587,0,29381
1652,1227,2023-03-19,798,0,28583
1653,1228,2023-02-14,1129,0,8628
1654,1228,2023-03-16,1345,0,7283
1655,1228,2023-04-15,859,15,6424
1656,1228,2023-05-15,766,0,5658
1657,1228,2023-06-14,974,0,4684
1658,1228,2023-07-14,437,0,4247
1659,1228,2023-08-13,527,5,3720
1660,1228,2023-09-12,1127,0,2593
1661,1228,2023-10-12,601,15,1992
1662,1229,2021-10-16,1068,0,23029
1663,1229,2021-11-15,743,30,22286
1664,1229,2021-12-15,1038,0,21248
1665,1229,2022-01-14,1282,0,19966
1666,1229,2022-02-13,1467,0,18499
1667,1229,2022-03-15,1264,60,17235
1668,1229,2022-04-14,1144,0,16091
1669,1230,2022-01-24,1097,0,14298
1670,1230,2022-02-23,454,0,13844
1671,1230,2022-03-25,1042,0,12802
1672,1230,2022-04-24,524,0,12278
1673,1230,2022-05-24,330,0,11948
1674,1230,2022-06-23,1197,15,10751
1675,1230,2022-07-23,744,0,10007
1676,1231,2023-01-10,1037,0,20204
1677,1231,2023-02-09,1173,0,19031
1678,1231,2023-03-11,375,15,18656
1679,1231,2023-04-10,616,0,18040
1680,1232,2022-05-01,324,0,43032
1681,1232,2022-05-31,895,0,42137
1682,1232,2022-06-30,1199,0,40938
1683,1232,2022-07-30,1312,0,39626
1684,1232,2022-08-29,300,0,39326
1685,1232,2022-09-28,1409,0,37917
1686,1233,2022-03-17,681,5,32015
1687,1233,2022-04-16,1197,0,30818
1688,1233,2022-05-16,1016,0,29802
1689,1234,2022-11-10,1467,0,8477
1690,1234,2022-12-10,1492,0,6985
1691,1234,2023-01-09,532,0,6453
1692,1234,2023-02-08,1383,0,5070
1693,1234,2023-03-10,976,0,4094
1694,1235,2021-12-14,1144,0,23672
1695,1235,2022-01-13,790,0,22882
1696,1235,2022-02-12,1189,0,21693
1697,1235,2022-03-14,1045,0,20648
1698,1235,2022-04-13,727,0,19921
1699,1235,2022-05-13,1031,30,18890
1700,1235,2022-06-12,501,0,18389
1701,1235,2022-07-12,1135,0,17254
1702,1235,2022-08-11,434,0,16820
1703,1236,2022-12-08,340,0,41671
1704,1236,2023-01-07,1212,0,40459
1705,1236,2023-02-06,1433,0,39026
1706,1236,2023-03-08,667,0,38359
1707,1236,2023-04-07,1327,0,37032
1708,1236,2023-05-07,1201,0,35831
1709,1236,2023-06-06,1340,0,34491
1710,1236,2023-07-06,782,0,33709
1711,1236,2023-08-05,1230,0,32479
1712,1237,2021-09-12,1178,0,28739
1713,1237,2021-10-12,1129,0,27610
1714,1237,2021-11-11,1058,0,26552
1715,1237,2021-12-11,1496,0,25056
1716,1238,2023-04-29,680,60,35515
1717,1238,2023-05-29,1486,0,34029
1718,1238,2023-06-28,606,0,33423
1719,1238,2023-07-28,1282,0,32141
1720,1238,2023-08-27,1004,60,31137
1721,1238,2023-09-26,899,0,30238
1722,1238,2023-10-26,802,0,29436
1723,1238,2023-11-25,602,0,28834
1724,1238,2023-12-25,1361,0,27473
1725,1239,2021-09-21,946,0,25620
1726,1239,2021-10-21,1419,0,24201
1727,1239,2021-11-20,837,0,23364
1728,1240,2022-12-15,695,30,14221
1729,1240,2023-01-14,1215,0,13006
1730,1240,2023-02-13,380,0,12626
1731,1240,2023-03-15,940,0,11686
1732,1240,2023-04-14,1056,0,10630
1733,1240,2023-05-14,767,0,9863
1734,1241,2022-11-25,1319,0,24487
1735,1241,2022-12-25,1201,0,23286
1736,1241,2023-01-24,830,0,22456
1737,1241,2023-02-23,328,60,22128
1738,1241,2023-03-25,763,0,21365
1739,1241,2023-04-24,539,0,20826
1740,1241,2023-05-24,1428,0,19398
1741,1242,2023-05-07,796,15,14188
1742,1242,2023-06-06,984,0,13204
1743,1242,2023-07-06,793,0,12411
1744,1243,2022-02-08,975,0,5784
1745,1243,2022-03-10,965,0,4819
1746,1243,2022-04-09,849,5,3970
1747,1243,2022-05-09,554,15,3416
1748,1243,2022-06-08,394,0,3022
1749,1244,2022-12-03,489,5,46460
1750,1244,2023-01-02,1055,60,45405
1751,1244,2023-02-01,432,0,44973
1752,1244,2023-03-03,809,0,44164
1753,1244,2023-04-02,709,15,43455
1754,1244,2023-05-02,1286,0,42169
1755,1244,2023-06-01,558,15,41611
1756,1244,2023-07-01,598,15,41013
1757,1244,2023-07-31,860,15,40153
1758,1244,2023-08-30,596,0,39557
1759,1244,2023-09-29,426,0,39131
1760,1244,2023-10-29,1294,0,37837
1761,1245,2022-09-30,843,0,30995
1762,1245,2022-10-30,568,0,30427
1763,1245,2022-11-29,360,0,30067
1764,1245,2022-12-29,1096,0,28971
1765,1245,2023-01-28,1225,0,27746
1766,1245,2023-02-27,1015,0,26731
1767,1245,2023-03-29,493,0,26238
1768,1245,2023-04-28,1154,15,25084
1769,1245,2023-05-28,511,0,24573
1770,1245,2023-06-27,520,60,24053
1771,1246,2022-05-17,578,0,6904
1772,1246,2022-06-16,1115,0,5789
1773,1246,2022-07-16,813,0,4976
1774,1246,2022-08-15,1222,0,3754
1775,1246,2022-09-14,889,0,2865
1776,1246,2022-10-14,1039,0,1826
1777,1246,2022-11-13,1313,0,513
1778,1246,2022-12-13,513,0,0
1779,1247,2021-09-20,791,5,28651
1780,1247,2021-10-20,1013,0,27638
1781,1247,2021-11-19,715,0,26923
1782,1247,2021-12-19,328,0,26595
1783,1247,2022-01-18,461,0,26134
1784,1247,2022-02-17,360,0,25774
1785,1247,2022-03-19,1394,0,24380
1786,1247,2022-04-18,765,0,23615
1787,1247,2022-05-18,772,0,22843
1788,1247,2022-06-17,793,0,22050
1789,1247,2022-07-17,1155,5,20895
1790,1247,2022-08-16,1222,30,19673
1791,1248,2022-12-23,748,0,37971
1792,1248,2023-01-22,1437,5,36534
1793,1248,2023-02-21,807,0,35727
1794,1249,2021-05-23,906,0,32059
1795,1249,2021-06-22,1190,0,30869
1796,1249,2021-07-22,894,0,29975
1797,1249,2021-08-21,1355,15,28620
1798,1249,2021-09-20,300,0,28320
1799,1249,2021-10-20,1459,0,26861
1800,1249,2021-11-19,385,0,26476
1801,1250,2023-05-10,815,15,6264
1802,1250,2023-06-09,1062,15,5202
1803,1250,2023-07-09,1428,0,3774
1804,1250,2023-08-08,348,0,3426
1805,1250,2023-09-07,1061,0,2365
1806,1250,2023-10-07,1398,0,967
1807,1250,2023-11-06,967,0,0
1808,1251,2022-06-11,997,0,6720
1809,1251,2022-07-11,1146,0,5574
1810,1251,2022-08-10,341,0,5233
1811,1251,2022-09-09,828,0,4405
1812,1251,2022-10-09,591,5,3814
1813,1251,2022-11-08,396,0,3418
1814,1251,2022-12-08,373,0,3045
1815,1251,2023-01-07,1057,5,1988
1816,1251,2023-02-06,507,0,1481
1817,1252,2022-04-17,709,0,32243
1818,1252,2022-05-17,1288,15,30955
1819,1252,2022-06-16,373,0,30582
1820,1252,2022-07-16,553,0,30029
1821,1252,2022-08-15,1119,0,28910
1822,1252,2022-09-14,631,0,28279
1823,1252,2022-10-14,1046,0,27233
1824,1252,2022-11-13,754,30,26479
1825,1253,2022-08-17,1317,0,24591
1826,1253,2022-09-16,1157,0,23434
1827,1253,2022-10-16,1317,0,22117
1828,1253,2022-11-15,726,0,21391
1829,1253,2022-12-15,577,0,20814
1830,1253,2023-01-14,365,0,20449
1831,1253,2023-02-13,1319,0,19130
1832,1253,2023-03-15,708,0,18422
1833,1253,2023-04-14,896,0,17526
1834,1253,2023-05-14,404,0,17122
1835,1253,2023-06-13,1291,0,15831
1836,1254,2021-10-25,1188,5,46272
1837,1254,2021-11-24,692,0,45580
1838,1254,2021-12-24,785,30,44795
1839,1254,2022-01-23,1323,0,43472
1840,1254,2022-02-22,742,0,42730
1841,1254,2022-03-24,564,0,42166
1842,1254,2022-04-23,437,5,41729
1843,1254,2022-05-23,606,0,41123
1844,1254,2022-06-22,617,30,40506
1845,1254,2022-07-22,753,0,39753
1846,1254,2022-08-21,1130,0,38623
1847,1254,2022-09-20,486,0,38137
1848,1255,2022-06-24,1171,5,28690
1849,1255,2022-07-24,990,0,27700
1850,1255,2022-08-23,1357,0,26343
1851,1255,2022-09-22,470,0,25873
1852,1255,2022-10-22,1382,30,24491
1853,1255,2022-11-21,1418,0,23073
1854,1256,2023-04-17,474,0,11837
1855,1256,2023-05-17,353,0,11484
1856,1256,2023-06-16,648,0,10836
1857,1257,2022-02-20,581,0,32490
1858,1257,2022-03-22,1122,0,31368
1859,1257,2022-04-21,1252,0,30116
1860,1257,2022-05-21,1331,0,28785
1861,1257,2022-06-20,790,0,27995
1862,1257,2022-07-20,548,0,27447
1863,1258,2022-02-21,1123,60,27447
1864,1258,2022-03-23,931,0,26516
1865,1258,2022-04-22,421,0,26095
1866,1258,2022-05-22,1137,0,24958
1867,1258,2022-06-21,1052,0,23906
1868,1258,2022-07-21,1011,0,22895
1869,1258,2022-08-20,379,0,22516
1870,1259,2021-05-23,1190,0,22259
1871,1259,2021-06-22,317,0,21942
1872,1259,2021-07-22,501,0,21441
1873,1259,2021-08-21,618,0,20823
1874,1259,2021-09-20,565,0,20258
1875,1259,2021-10-20,1074,0,19184
1876,1259,2021-11-19,712,0,18472
1877,1259,2021-12-19,700,0,17772
1878,1260,2022-10-05,1435,0,37101
1879,1260,2022-11-04,1050,0,36051
1880,1260,2022-12-04,597,15,35454
1881,1260,2023-01-03,808,0,34646
1882,1260,2023-02-02,1074,0,33572
1883,1260,2023-03-04,570,0,33002
1884,1260,2023-04-03,1038,0,31964
1885,1260,2023-05-03,358,0,31606
1886,1260,2023-06-02,385,0,31221
1887,1260,2023-07-02,1018,0,30203
1888,1260,2023-08-01,882,0,29321
1889,1260,2023-08-31,904,0,28417
1890,1261,2022-10-17,358,15,42900
1891,1261,2022-11-16,687,0,42213
1892,1261,2022-12-16,892,0,41321
1893,1261,2023-01-15,1208,0,40113
1894,1261,2023-02-14,698,0,39415
1895,1261,2023-03-16,592,0,38823
1896,1261,2023-04-15,1102,0,37721
1897,1262,2021-04-21,1189,0,32676
1898,1262,2021-05-21,1259,5,31417
1899,1262,2021-06-20,572,60,30845
1900,1262,2021-07-20,819,0,30026
1901,1263,2022-12-30,937,0,10708
1902,1263,2023-01-29,951,0,9757
1903,1263,2023-02-28,919,0,8838
1904,1263,2023-03-30,885,0,7953
1905,1263,2023-04-29,1215,0,6738
1906,1263,2023-05-29,1352,0,5386
1907,1263,2023-06-28,1140,0,4246
1908,1263,2023-07-28,629,0,3617
1909,1263,2023-08-27,394,0,3223
1910,1263,2023-09-26,652,0,2571
1911,1264,2021-05-23,1342,0,41658
1912,1264,2021-06-22,925,0,40733
1913,1264,2021-07-22,1015,15,39718
1914,1264,2021-08-21,554,0,39164
1915,1264,2021-09-20,975,0,38189
1916,1264,2021-10-20,1392,0,36797
1917,1264,2021-11-19,439,0,36358
1918,1264,2021-12-19,979,0,35379
1919,1264,2022-01-18,436,0,34943
1920,1264,2022-02-17,641,0,34302
1921,1265,2021-02-01,961,0,30776
1922,1265,2021-03-03,714,0,30062
1923,1265,2021-04-02,642,0,29420
1924,1266,2022-11-03,952,5,15533
1925,1266,2022-12-03,622,0,14911
1926,1266,2023-01-02,610,0,14301
1927,1266,2023-02-01,869,5,13432
1928,1267,2021-09-07,681,0,42884
1929,1267,2021-10-07,820,0,42064
1930,1267,2021-11-06,1417,0,40647
1931,1267,2021-12-06,963,15,39684
1932,1267,2022-01-05,339,0,39345
1933,1267,2022-02-04,873,0,38472
1934,1268,2022-08-19,469,0,30053
1935,1268,2022-09-18,810,0,29243
1936,1268,2022-10-18,1283,0,27960
1937,1268,2022-11-17,640,0,27320
1938,1268,2022-12-17,918,0,26402
1939,1268,2023-01-16,1030,0,25372
1940,1268,2023-02-15,1029,30,24343
1941,1269,2023-06-04,407,5,16935
1942,1269,2023-07-04,717,0,16218
1943,1269,2023-08-03,982,0,15236
1944,1269,2023-09-02,555,0,14681
1945,1269,2023-10-02,1451,0,13230
1946,1269,2023-11-01,534,5,12696
1947,1269,2023-12-01,456,0,12240
1948,1269,2023-12-31,1156,60,11084
1949,1270,2023-02-05,1247,0,44559
1950,1270,2023-03-07,720,0,43839
1951,1270,2023-04-06,781,0,43058
1952,1270,2023-05-06,1236,0,41822
1953,1270,2023-06-05,697,0,41125
1954,1270,2023-07-05,607,0,40518
1955,1270,2023-08-04,1018,0,39500
1956,1270,2023-09-03,457,0,39043
1957,1270,2023-10-03,950,0,38093
1958,1270,2023-11-02,526,0,37567
1959,1271,2021-09-12,829,0,17258
1960,1271,2021-10-12,670,0,16588
1961,1271,2021-11-11,988,0,15600
1962,1271,2021-12-11,391,0,15209
1963,1271,2022-01-10,1400,0,13809
1964,1272,2022-02-19,537,0,42104
1965,1272,2022-03-21,1201,30,40903
1966,1272,2022-04-20,1039,0,39864
1967,1272,2022-05-20,1435,0,38429
1968,1272,2022-06-19,1169,0,37260
1969,1273,2022-03-09,603,30,38646
1970,1273,2022-04-08,737,15,37909
1971,1273,2022-05-08,680,0,37229
1972,1273,2022-06-07,1042,0,36187
1973,1273,2022-07-07,864,0,35323
1974,1273,2022-08-06,791,0,34532
1975,1273,2022-09-05,1054,60,33478
1976,1273,2022-10-05,846,0,32632
1977,1273,2022-11-04,1127,30,31505
1978,1273,2022-12-04,1331,0,30174
1979,1274,2022-10-30,430,0,14663
1980,1274,2022-11-29,907,15,13756
1981,1274,2022-12-29,934,0,12822
1982,1274,2023-01-28,979,0,11843
1983,1274,2023-02-27,304,0,11539
1984,1274,2023-03-29,507,0,11032
1985,1274,2023-04-28,310,0,10722
1986,1274,2023-05-28,1235,0,9487
1987,1274,2023-06-27,839,0,8648
1988,1274,2023-07-27,686,0,7962
1989,1274,2023-08-26,506,0,7456
1990,1275,2021-06-09,856,0,20582
1991,1275,2021-07-09,1092,0,19490
1992,1275,2021-08-08,1367,0,18123
1993,1275,2021-09-07,1241,60,16882
1994,1275,2021-10-07,475,0,16407
1995,1275,2021-11-06,891,0,15516
1996,1275,2021-12-06,1155,0,14361
1997,1276,2021-03-24,1464,15,43947
1998,1276,2021-04-23,1379,0,42568
1999,1276,2021-05-23,718,0,41850
2000,1276,2021-06-22,955,0,40895
2001,1276,2021-07-22,514,0,40381
2002,1277,2022-12-15,802,0,30597
2003,1277,2023-01-14,544,0,30053
2004,1277,2023-02-13,530,0,29523
2005,1277,2023-03-15,1498,0,28025
2006,1277,2023-04-14,610,0,27415
2007,1277,2023-05-14,1341,0,26074
2008,1277,2023-06-13,531,0,25543
2009,1277,2023-07-13,1029,0,24514
2010,1277,2023-08-12,1317,0,23197
2011,1277,2023-09-11,602,0,22595
2012,1278,2023-01-30,323,15,24523
2013,1278,2023-03-01,824,0,23699
2014,1278,2023-03-31,1011,0,22688
2015,1278,2023-04-30,677,0,22011
2016,1278,2023-05-30,671,0,21340
2017,1278,2023-06-29,1276,0,20064
2018,1278,2023-07-29,776,5,19288
2019,1278,2023-08-28,556,30,18732
2020,1278,2023-09-27,367,0,18365
2021,1278,2023-10-27,972,0,17393
2022,1278,2023-11-26,558,0,16835
2023,1279,2022-12-03,1269,0,19439
2024,1279,2023-01-02,486,0,18953
2025,1279,2023-02-01,1084,0,17869
2026,1279,2023-03-03,707,0,17162
2027,1279,2023-04-02,640,5,16522
2028,1279,2023-05-02,950,0,15572
2029,1279,2023-06-01,1493,0,14079
2030,1279,2023-07-01,680,30,13399
2031,1280,2023-01-10,1422,0,47617
2032,1280,2023-02-09,624,0,46993
2033,1280,2023-03-11,1143,0,45850
2034,1280,2023-04-10,848,0,45002
2035,1281,2022-03-22,1331,0,14667
2036,1281,2022-04-21,832,0,13835
2037,1281,2022-05-21,1348,15,12487
2038,1281,2022-06-20,1244,0,11243
2039,1281,2022-07-20,592,0,10651
2040,1281,2022-08-19,730,0,9921
2041,1281,2022-09-18,697,5,9224
2042,1281,2022-10-18,895,0,8329
2043,1281,2022-11-17,1164,0,7165
2044,1281,2022-12-17,1008,0,6157
2045,1281,2023-01-16,1411,0,4746
2046,1281,2023-02-15,1330,0,3416
2047,1282,2021-10-04,1241,0,34437
2048,1282,2021-11-03,1466,30,32971
2049,1282,2021-12-03,662,0,32309
2050,1282,2022-01-02,570,0,31739
2051,1282,2022-02-01,1303,0,30436
2052,1282,2022-03-03,533,0,29903
2053,1283,2023-05-16,392,0,15290
2054,1283,2023-06-15,351,5,14939
2055,1283,2023-07-15,480,0,14459
2056,1283,2023-08-14,1174,0,13285
2057,1283,2023-09-13,496,0,12789
2058,1283,2023-10-13,554,0,12235
2059,1283,2023-11-12,635,0,11600
2060,1283,2023-12-12,1289,0,10311
2061,1283,2024-01-11,813,0,9498
2062,1284,2022-04-14,448,0,13071
2063,1284,2022-05-14,1056,0,12015
2064,1284,2022-06-13,752,0,11263
2065,1284,2022-07-13,967,0,10296
2066,1285,2021-08-21,430,5,36050
2067,1285,2021-09-20,555,0,35495
2068,1285,2021-10-20,362,0,35133
2069,1285,2021-11-19,1101,0,34032
2070,1285,2021-12-19,314,0,33718
2071,1286,2021-08-02,913,0,23781
2072,1286,2021-09-01,1368,0,22413
2073,1286,2021-10-01,630,0,21783
2074,1286,2021-10-31,1388,0,20395
2075,1286,2021-11-30,1353,0,19042
2076,1287,2021-06-02,619,0,7681
2077,1287,2021-07-02,404,0,7277
2078,1287,2021-08-01,629,5,6648
2079,1287,2021-08-31,1370,0,5278
2080,1287,2021-09-30,940,0,4338
2081,1287,2021-10-30,1470,0,2868
2082,1287,2021-11-29,785,30,2083
2083,1287,2021-12-29,326,0,1757
2084,1287,2022-01-28,985,0,772
2085,1287,2022-02-27,684,0,88
2086,1287,2022-03-29,88,0,0
2087,1288,2022-03-07,863,0,10859
2088,1288,2022-04-06,395,0,10464
2089,1288,2022-05-06,1127,0,9337
2090,1288,2022-06-05,1267,0,8070
2091,1288,2022-07-05,410,0,7660
2092,1289,2023-03-08,977,0,44009
2093,1289,2023-04-07,1102,0,42907
2094,1289,2023-05-07,1006,15,41901
2095,1290,2021-11-20,1062,0,28098
2096,1290,2021-12-20,1424,0,26674
2097,1290,2022-01-19,756,0,25918
2098,1290,2022-02-18,397,0,25521
2099,1290,2022-03-20,1324,0,24197
2100,1290,2022-04-19,951,0,23246
2101,1290,2022-05-19,343,0,22903
2102,1290,2022-06-18,1367,0,21536
2103,1290,2022-07-18,461,0,21075
2104,1290,2022-08-17,431,0,20644
2105,1290,2022-09-16,773,0,19871
2106,1290,2022-10-16,1432,0,18439
2107,1291,2021-11-06,574,0,24485
2108,1291,2021-12-06,542,0,23943
2109,1291,2022-01-05,821,0,23122
2110,1291,2022-02-04,1082,0,22040
2111,1291,2022-03-06,509,0,21531
2112,1292,2023-05-17,474,0,40348
2113,1292,2023-06-16,621,0,39727
2114,1292,2023-07-16,354,0,39373
2115,1292,2023-08-15,1479,0,37894
2116,1292,2023-09-14,446,0,37448
2117,1292,2023-10-14,319,60,37129
2118,1292,2023-11-13,1206,5,35923
2119,1292,2023-12-13,700,0,35223
2120,1292,2024-01-12,327,0,34896
2121,1292,2024-02-11,1281,0,33615
2122,1292,2024-03-12,850,0,32765
2123,1292,2024-04-11,595,0,32170
2124,1293,2023-07-03,1318,0,17257
2125,1293,2023-08-02,1413,30,15844
2126,1293,2023-09-01,1011,0,14833
2127,1293,2023-10-01,1038,0,13795
2128,1294,2022-10-02,1323,0,11647
2129,1294,2022-11-01,780,0,10867
2130,1294,2022-12-01,1488,15,9379
2131,1294,2022-12-31,1003,0,8376
2132,1294,2023-01-30,1033,0,7343
2133,1294,2023-03-01,663,0,6680
2134,1294,2023-03-31,859,0,5821
2135,1294,2023-04-30,1173,0,4648
2136,1294,2023-05-30,1298,0,3350
2137,1294,2023-06-29,808,0,2542
2138,1294,2023-07-29,1148,0,1394
2139,1295,2021-08-16,1098,0,38813
2140,1295,2021-09-15,585,5,38228
2141,1295,2021-10-15,1118,0,37110
2142,1295,2021-11-14,1317,0,35793
2143,1296,2022-06-25,885,0,25706
2144,1296,2022-07-25,747,30,24959
2145,1296,2022-08-24,1140,60,23819
2146,1296,2022-09-23,1453,0,22366
2147,1296,2022-10-23,819,0,21547
2148,1296,2022-11-22,922,0,20625
2149,1296,2022-12-22,834,0,19791
2150,1296,2023-01-21,826,0,18965
2151,1296,2023-02-20,1438,0,17527
2152,1296,2023-03-22,804,0,16723
2153,1297,2023-02-21,624,0,36197
2154,1297,2023-03-23,1498,0,34699
2155,1297,2023-04-22,1495,0,33204
2156,1297,2023-05-22,801,0,32403
2157,1297,2023-06-21,583,30,31820
2158,1298,2021-06-23,931,0,13572
2159,1298,2021-07-23,1281,0,12291
2160,1298,2021-08-22,858,0,11433
2161,1298,2021-09-21,457,0,10976
2162,1298,2021-10-21,1188,0,9788
2163,1298,2021-11-20,961,0,8827
2164,1298,2021-12-20,976,0,7851
2165,1298,2022-01-19,857,0,6994
2166,1298,2022-02-18,1370,0,5624
2167,1298,2022-03-20,786,0,4838
2168,1298,2022-04-19,823,0,4015
2169,1298,2022-05-19,1329,0,2686
2170,1299,2022-10-01,884,0,23038
2171,1299,2022-10-31,569,0,22469
2172,1299,2022-11-30,1173,0,21296
2173,1299,2022-12-30,415,0,20881
2174,1299,2023-01-29,840,0,20041
2175,1299,2023-02-28,1090,0,18951
2176,1299,2023-03-30,718,0,18233
2177,1299,2023-04-29,1163,0,17070
2178,1299,2023-05-29,459,0,16611
2179,1299,2023-06-28,523,0,16088
2180,1299,2023-07-28,319,0,15769
2181,1299,2023-08-27,357,0,15412
2182,1300,2021-08-19,914,60,16261
2183,1300,2021-09-18,921,0,15340
2184,1300,2021-10-18,1343,0,13997
2185,1300,2021-11-17,432,0,13565
2186,1300,2021-12-17,1357,0,12208
2187,1301,2021-06-03,891,0,45233
2188,1301,2021-07-03,1401,0,43832
2189,1301,2021-08-02,1312,0,42520
2190,1301,2021-09-01,306,0,42214
2191,1301,2021-10-01,835,60,41379
2192,1301,2021-10-31,515,0,40864
2193,1301,2021-11-30,1377,0,39487
2194,1301,2021-12-30,1147,0,38340
2195,1301,2022-01-29,344,0,37996
2196,1302,2021-08-05,1195,0,25194
2197,1302,2021-09-04,995,0,24199
2198,1302,2021-10-04,617,0,23582
2199,1302,2021-11-03,664,0,22918
2200,1302,2021-12-03,672,0,22246
2201,1302,2022-01-02,544,0,21702
2202,1302,2022-02-01,777,0,20925
2203,1302,2022-03-03,1005,0,19920
2204,1302,2022-04-02,830,0,19090
2205,1302,2022-05-02,553,0,18537
2206,1303,2021-12-22,1360,0,4462
2207,1303,2022-01-21,1336,0,3126
2208,1303,2022-02-20,387,0,2739
2209,1303,2022-03-22,345,60,2394
2210,1303,2022-04-21,1232,0,1162
2211,1303,2022-05-21,1044,0,118
2212,1303,2022-06-20,118,0,0
2213,1304,2022-05-09,1369,0,20958
2214,1304,2022-06-08,857,0,20101
2215,1304,2022-07-08,896,0,19205
2216,1304,2022-08-07,302,0,18903
2217,1304,2022-09-06,456,0,18447
2218,1304,2022-10-06,810,0,17637
2219,1304,2022-11-05,986,0,16651
2220,1304,2022-12-05,870,0,15781
2221,1304,2023-01-04,538,0,15243
2222,1304,2023-02-03,906,0,14337
2223,1305,2022-01-14,661,15,10489
2224,1305,2022-02-13,396,0,10093
2225,1305,2022-03-15,315,0,9778
2226,1306,2023-03-12,1041,0,8384
2227,1306,2023-04-11,1123,0,7261
2228,1306,2023-05-11,717,0,6544
2229,1306,2023-06-10,867,0,5677
2230,1306,2023-07-10,530,0,5147
2231,1306,2023-08-09,1002,0,4145
2232,1306,2023-09-08,1145,15,3000
2233,1306,2023-10-08,320,15,2680
2234,1306,2023-11-07,1197,15,1483
2235,1306,2023-12-07,670,0,813
2236,1307,2022-11-21,439,0,20593
2237,1307,2022-12-21,581,0,20012
2238,1307,2023-01-20,739,5,19273
2239,1307,2023-02-19,1045,0,18228
2240,1307,2023-03-21,1065,0,17163
2241,1307,2023-04-20,1028,30,16135
2242,1307,2023-05-20,1079,0,15056
2243,1307,2023-06-19,1470,0,13586
2244,1307,2023-07-19,900,0,12686
2245,1307,2023-08-18,592,0,12094
2246,1308,2023-03-05,1489,0,5709
2247,1308,2023-04-04,1061,0,4648
2248,1308,2023-05-04,1284,0,3364
2249,1308,2023-06-03,790,0,2574
2250,1308,2023-07-03,1426,0,1148
2251,1308,2023-08-02,874,0,274
2252,1308,2023-09-01,274,0,0
2253,1309,2022-03-09,845,0,24234
2254,1309,2022-04-08,782,0,23452
2255,1309,2022-05-08,642,0,22810
2256,1309,2022-06-07,432,15,22378
2257,1309,2022-07-07,805,0,21573
2258,1309,2022-08-06,1129,0,20444
2259,1309,2022-09-05,1165,0,19279
2260,1309,2022-10-05,592,5,18687
2261,1309,2022-11-04,1493,0,17194
2262,1309,2022-12-04,747,0,16447
2263,1310,2022-01-11,801,0,40419
2264,1310,2022-02-10,1034,0,39385
2265,1310,2022-03-12,549,30,38836
2266,1310,2022-04-11,900,0,37936
2267,1310,2022-05-11,1280,0,36656
2268,1310,2022-06-10,449,0,36207
2269,1310,2022-07-10,879,0,35328
2270,1310,2022-08-09,620,0,34708
2271,1310,2022-09-08,831,0,33877
2272,1311,2022-06-25,551,0,46323
2273,1311,2022-07-25,472,0,45851
2274,1311,2022-08-24,516,0,45335
2275,1311,2022-09-23,310,0,45025
2276,1311,2022-10-23,1335,0,43690
2277,1311,2022-11-22,734,15,42956
2278,1312,2021-06-26,1230,0,17629
2279,1312,2021-07-26,990,0,16639
2280,1312,2021-08-25,1455,0,15184
2281,1312,2021-09-24,1083,0,14101
2282,1313,2021-06-27,920,30,35499
2283,1313,2021-07-27,696,0,34803
2284,1313,2021-08-26,759,0,34044
2285,1313,2021-09-25,1444,5,32600
2286,1313,2021-10-25,1340,0,31260
2287,1313,2021-11-24,804,0,30456
2288,1313,2021-12-24,1392,0,29064
2289,1314,2023-06-13,1017,0,12688
2290,1314,2023-07-13,1292,15,11396
2291,1314,2023-08-12,998,0,10398
2292,1314,2023-09-11,649,0,9749
2293,1314,2023-10-11,706,0,9043
2294,1314,2023-11-10,1410,0,7633
2295,1314,2023-12-10,1278,0,6355
2296,1314,2024-01-09,356,0,5999
2297,1315,2023-01-11,1385,60,46495
2298,1315,2023-02-10,1064,0,45431
2299,1315,2023-03-12,1247,0,44184
2300,1315,2023-04-11,1057,0,43127
2301,1315,2023-05-11,1429,0,41698
2302,1315,2023-06-10,545,0,41153
2303,1315,2023-07-10,1208,0,39945
2304,1315,2023-08-09,1225,0,38720
2305,1315,2023-09-08,1089,0,37631
2306,1315,2023-10-08,471,0,37160
2307,1316,2023-04-30,1349,0,26887
2308,1316,2023-05-30,775,30,26112
2309,1316,2023-06-29,333,15,25779
2310,1316,2023-07-29,1115,0,24664
2311,1316,2023-08-28,1053,0,23611
2312,1316,2023-09-27,1491,0,22120
2313,1316,2023-10-27,380,0,21740
2314,1316,2023-11-26,1169,0,20571
2315,1317,2022-06-03,1106,15,26313
2316,1317,2022-07-03,1283,0,25030
2317,1317,2022-08-02,775,0,24255
2318,1317,2022-09-01,786,0,23469
2319,1317,2022-10-01,1464,15,22005
2320,1317,2022-10-31,1318,0,20687
2321,1317,2022-11-30,589,0,20098
2322,1317,2022-12-30,712,0,19386
2323,1317,2023-01-29,963,0,18423
2324,1318,2022-11-01,1154,0,23824
2325,1318,2022-12-01,669,0,23155
2326,1318,2022-12-31,1125,0,22030
2327,1318,2023-01-30,676,0,21354
2328,1318,2023-03-01,1328,0,20026
2329,1318,2023-03-31,1054,0,18972
2330,1318,2023-04-30,939,0,18033
2331,1318,2023-05-30,1121,0,16912
2332,1318,2023-06-29,659,0,16253
2333,1319,2022-08-04,1380,0,41229
2334,1319,2022-09-03,1218,0,40011
2335,1319,2022-10-03,1485,0,38526
2336,1319,2022-11-02,398,0,38128
2337,1319,2022-12-02,813,15,37315
2338,1319,2023-01-01,664,0,36651
2339,1319,2023-01-31,880,0,35771
2340,1319,2023-03-02,1127,15,34644
2341,1319,2023-04-01,1416,0,33228
2342,1319,2023-05-01,1242,0,31986
2343,1319,2023-05-31,620,0,31366
2344,1320,2022-01-03,361,0,19997
2345,1320,2022-02-02,1254,15,18743
2346,1320,2022-03-04,552,0,18191
2347,1320,2022-04-03,459,0,17732
2348,1320,2022-05-03,504,0,17228
2349,1320,2022-06-02,1157,0,16071
2350,1320,2022-07-02,1020,0,15051
2351,1320,2022-08-01,432,0,14619
2352,1320,2022-08-31,729,0,13890
2353,1320,2022-09-30,1497,0,12393
2354,1321,2023-06-21,1350,0,37827
2355,1321,2023-07-21,1383,0,36444
2356,1321,2023-08-20,1173,30,35271
2357,1321,2023-09-19,669,0,34602
2358,1321,2023-10-19,1425,0,33177
2359,1321,2023-11-18,906,0,32271
2360,1321,2023-12-18,1448,0,30823
2361,1321,2024-01-17,1298,0,29525
2362,1321,2024-02-16,535,0,28990
2363,1321,2024-03-17,1087,0,27903
2364,1321,2024-04-16,1496,0,26407
2365,1321,2024-05-16,858,0,25549
2366,1322,2022-11-02,1447,0,32931
2367,1322,2022-12-02,500,0,32431
2368,1322,2023-01-01,574,0,31857
2369,1323,2023-03-20,1166,0,41168
2370,1323,2023-04-19,678,0,40490
2371,1323,2023-05-19,364,0,40126
2372,1324,2022-05-18,1347,0,15035
2373,1324,2022-06-17,790,0,14245
2374,1324,2022-07-17,1343,0,12902
2375,1324,2022-08-16,1210,0,11692
2376,1324,2022-09-15,435,0,11257
2377,1324,2022-10-15,814,0,10443
2378,1325,2021-06-30,1441,0,18155
2379,1325,2021-07-30,1251,0,16904
2380,1325,2021-08-29,419,0,16485
2381,1325,2021-09-28,1068,0,15417
2382,1325,2021-10-28,346,0,15071
2383,1325,2021-11-27,821,0,14250
2384,1325,2021-12-27,433,0,13817
2385,1325,2022-01-26,735,0,13082
2386,1325,2022-02-25,985,0,12097
2387,1325,2022-03-27,650,5,11447
2388,1325,2022-04-26,1103,0,10344
2389,1326,2022-03-21,800,0,37772
2390,1326,2022-04-20,1409,0,36363
2391,1326,2022-05-20,1249,15,35114
2392,1326,2022-06-19,788,0,34326
2393,1326,2022-07-19,1195,0,33131
2394,1327,2021-11-24,835,0,17386
2395,1327,2021-12-24,1137,0,16249
2396,1327,2022-01-23,920,0,15329
2397,1327,2022-02-22,789,0,14540
2398,1327,2022-03-24,844,0,13696
2399,1327,2022-04-23,1231,5,12465
2400,1327,2022-05-23,958,0,11507
2401,1327,2022-06-22,310,5,11197
2402,1328,2022-10-03,708,0,5571
2403,1328,2022-11-02,1326,0,4245
2404,1328,2022-12-02,1499,0,2746
2405,1328,2023-01-01,771,0,1975
2406,1328,2023-01-31,433,0,1542
2407,1328,2023-03-02,1163,0,379
2408,1328,2023-04-01,379,0,0
2409,1329,2021-10-20,312,0,11771
2410,1329,2021-11-19,858,0,10913
2411,1329,2021-12-19,704,0,10209
2412,1329,2022-01-18,458,0,9751
2413,1330,2023-03-05,1284,0,47577
2414,1330,2023-04-04,578,0,46999
2415,1330,2023-05-04,730,0,46269
2416,1330,2023-06-03,1413,0,44856
2417,1330,2023-07-03,659,0,44197
2418,1330,2023-08-02,1338,0,42859
2419,1330,2023-09-01,1077,0,41782
2420,1331,2021-06-23,1451,0,21320
2421,1331,2021-07-23,624,0,20696
2422,1331,2021-08-22,1373,0,19323
2423,1332,2022-01-11,690,0,34285
2424,1332,2022-02-10,1145,0,33140
2425,1332,2022-03-12,431,0,32709
2426,1332,2022-04-11,572,0,32137
2427,1332,2022-05-11,783,15,31354
2428,1332,2022-06-10,1371,0,29983
2429,1332,2022-07-10,335,0,29648
2430,1333,2022-10-16,343,0,23720
2431,1333,2022-11-15,1039,0,22681
2432,1333,2022-12-15,696,0,21985
2433,1333,2023-01-14,765,0,21220
2434,1333,2023-02-13,1146,0,20074
2435,1333,2023-03-15,368,5,19706
2436,1334,2022-08-25,366,15,6740
2437,1334,2022-09-24,783,0,5957
2438,1334,2022-10-24,1482,0,4475
2439,1334,2022-11-23,1286,0,3189
2440,1334,2022-12-23,1424,0,1765
2441,1334,2023-01-22,581,0,1184
2442,1334,2023-02-21,828,0,356
2443,1334,2023-03-23,356,0,0
2444,1335,2023-06-30,694,0,28863
2445,1335,2023-07-30,1109,0,27754
2446,1335,2023-08-29,992,0,26762
2447,1335,2023-09-28,1331,0,25431
2448,1335,2023-10-28,838,0,24593
2449,1335,2023-11-27,1414,5,23179
2450,1335,2023-12-27,1328,0,21851
2451,1335,2024-01-26,1441,15,20410
2452,1336,2021-02-01,414,0,25193
2453,1336,2021-03-03,506,0,24687
2454,1336,2021-04-02,411,15,24276
2455,1336,2021-05-02,484,0,23792
2456,1336,2021-06-01,520,0,23272
2457,1336,2021-07-01,1440,0,21832
2458,1336,2021-07-31,1393,0,20439
2459,1336,2021-08-30,943,0,19496
2460,1337,2023-07-16,1460,0,41139
2461,1337,2023-08-15,517,0,40622
2462,1337,2023-09-14,911,5,39711
2463,1337,2023-10-14,356,0,39355
2464,1337,2023-11-13,443,0,38912
2465,1337,2023-12-13,517,0,38395
2466,1337,2024-01-12,1479,0,36916
2467,1337,2024-02-11,1140,0,35776
2468,1337,2024-03-12,1175,0,34601
2469,1337,2024-04-11,1061,0,33540
2470,1337,2024-05-11,1222,0,32318
2471,1338,2021-11-30,1105,0,32424
2472,1338,2021-12-30,1063,0,31361
2473,1338,2022-01-29,733,0,30628
2474,1338,2022-02-28,1209,0,29419
2475,1338,2022-03-30,405,0,29014
2476,1338,2022-04-29,467,5,28547
2477,1338,2022-05-29,403,5,28144
2478,1338,2022-06-28,819,0,27325
2479,1338,2022-07-28,1366,0,25959
2480,1338,2022-08-27,1048,0,24911
2481,1338,2022-09-26,348,0,24563
2482,1339,2021-10-11,802,0,40152
2483,1339,2021-11-10,1285,0,38867
2484,1339,2021-12-10,366,0,38501
2485,1339,2022-01-09,1266,0,37235
2486,1339,2022-02-08,912,0,36323
2487,1339,2022-03-10,996,0,35327
2488,1339,2022-04-09,658,0,34669
2489,1339,2022-05-09,1249,0,33420
2490,1339,2022-06-08,1411,0,32009
2491,1339,2022-07-08,1022,0,30987
2492,1339,2022-08-07,1070,0,29917
2493,1340,2022-11-13,1226,0,31630
2494,1340,2022-12-13,769,0,30861
2495,1340,2023-01-12,609,0,30252
2496,1341,2022-04-28,1301,0,6272
2497,1341,2022-05-28,568,0,5704
2498,1341,2022-06-27,315,0,5389
2499,1342,2021-03-08,1112,0,16696
2500,1342,2021-04-07,781,0,15915
2501,1342,2021-05-07,568,15,15347
2502,1342,2021-06-06,615,0,14732
2503,1342,2021-07-06,1307,0,13425
2504,1342,2021-08-05,688,0,12737
2505,1342,2021-09-04,1298,0,11439
2506,1342,2021-10-04,996,0,10443
2507,1343,2021-07-09,667,0,39700
2508,1343,2021-08-08,603,0,39097
2509,1343,2021-09-07,1115,0,37982
2510,1344,2021-02-08,1229,0,40572
2511,1344,2021-03-10,1243,0,39329
2512,1344,2021-04-09,312,0,39017
2513,1344,2021-05-09,459,0,38558
2514,1344,2021-06-08,480,0,38078
2515,1344,2021-07-08,676,0,37402
2516,1344,2021-08-07,1491,0,35911
2517,1344,2021-09-06,315,0,35596
2518,1345,2021-09-20,330,5,45866
2519,1345,2021-10-20,588,0,45278
2520,1345,2021-11-19,847,0,44431
2521,1345,2021-12-19,1157,0,43274
2522,1345,2022-01-18,820,0,42454
2523,1345,2022-02-17,303,0,42151
2524,1345,2022-03-19,315,0,41836
2525,1345,2022-04-18,1255,15,40581
2526,1345,2022-05-18,562,5,40019
2527,1345,2022-06-17,564,0,39455
2528,1345,2022-07-17,677,0,38778
2529,1345,2022-08-16,1475,0,37303
2530,1346,2021-05-09,1486,0,37586
2531,1346,2021-06-08,315,0,37271
2532,1346,2021-07-08,1167,0,36104
2533,1346,2021-08-07,1283,0,34821
2534,1346,2021-09-06,305,0,34516
2535,1346,2021-10-06,1106,0,33410
2536,1346,2021-11-05,918,30,32492
2537,1346,2021-12-05,704,0,31788
2538,1346,2022-01-04,893,30,30895
2539,1346,2022-02-03,311,0,30584
2540,1346,2022-03-05,1177,0,29407
2541,1347,2022-11-20,377,0,28375
2542,1347,2022-12-20,913,0,27462
2543,1347,2023-01-19,1111,0,26351
2544,1347,2023-02-18,1400,0,24951
2545,1347,2023-03-20,381,0,24570
2546,1347,2023-04-19,508,0,24062
2547,1347,2023-05-19,821,0,23241
2548,1347,2023-06-18,1293,0,21948
2549,1347,2023-07-18,927,0,21021
2550,1348,2023-04-26,1259,0,21426
2551,1348,2023-05-26,1376,0,20050
2552,1348,2023-06-25,855,0,19195
2553,1348,2023-07-25,1124,15,18071
2554,1348,2023-08-24,1282,30,16789
2555,1348,2023-09-23,792,0,15997
2556,1348,2023-10-23,374,0,15623
2557,1348,2023-11-22,670,0,14953
2558,1348,2023-12-22,889,0,14064
2559,1349,2021-08-26,603,0,45798
2560,1349,2021-09-25,1278,0,44520
2561,1349,2021-10-25,674,0,43846
2562,1349,2021-11-24,487,0,43359
2563,1349,2021-12-24,1409,0,41950
2564,1349,2022-01-23,1143,30,40807
2565,1349,2022-02-22,1370,0,39437
2566,1349,2022-03-24,774,0,38663
2567,1349,2022-04-23,1389,0,37274
2568,1350,2021-06-10,725,0,15647
2569,1350,2021-07-10,432,0,15215
2570,1350,2021-08-09,613,0,14602
2571,1351,2022-03-10,1308,0,12688
2572,1351,2022-04-09,960,0,11728
2573,1351,2022-05-09,1047,0,10681
2574,1351,2022-06-08,709,5,9972
2575,1351,2022-07-08,979,0,8993
2576,1351,2022-08-07,413,5,8580
2577,1351,2022-09-06,1378,0,7202
2578,1351,2022-10-06,983,0,6219
2579,1351,2022-11-05,445,0,5774
2580,1351,2022-12-05,1333,0,4441
2581,1352,2021-07-01,1457,0,20001
2582,1352,2021-07-31,470,0,19531
2583,1352,2021-08-30,326,0,19205
2584,1352,2021-09-29,1089,0,18116
2585,1352,2021-10-29,1432,0,16684
2586,1352,2021-11-28,979,0,15705
2587,1352,2021-12-28,1085,0,14620
2588,1353,2021-03-25,677,0,36212
2589,1353,2021-04-24,1205,0,35007
2590,1353,2021-05-24,952,15,34055
2591,1353,2021-06-23,495,0,33560
2592,1353,2021-07-23,1192,0,32368
2593,1353,2021-08-22,1384,0,30984
2594,1353,2021-09-21,1146,0,29838
2595,1353,2021-10-21,863,0,28975
2596,1353,2021-11-20,1317,5,27658
2597,1354,2021-05-30,1095,0,30570
2598,1354,2021-06-29,1350,60,29220
2599,1354,2021-07-29,1148,0,28072
2600,1354,2021-08-28,1385,15,26687
2601,1354,2021-09-27,932,15,25755
2602,1354,2021-10-27,905,0,24850
2603,1354,2021-11-26,1444,0,23406
2604,1354,2021-12-26,1198,0,22208
2605,1354,2022-01-25,1086,0,21122
2606,1354,2022-02-24,1281,0,19841
2607,1355,2022-12-04,472,30,42771
2608,1355,2023-01-03,363,0,42408
2609,1355,2023-02-02,1274,0,41134
2610,1355,2023-03-04,757,0,40377
2611,1355,2023-04-03,1278,0,39099
2612,1355,2023-05-03,579,0,38520
2613,1356,2022-10-20,501,0,36152
2614,1356,2022-11-19,1472,0,34680
2615,1356,2022-12-19,334,0,34346
2616,1356,2023-01-18,1074,0,33272
2617,1356,2023-02-17,1090,0,32182
2618,1356,2023-03-19,375,0,31807
2619,1356,2023-04-18,416,15,31391
2620,1356,2023-05-18,1498,15,29893
2621,1356,2023-06-17,1063,15,28830
2622,1356,2023-07-17,1344,0,27486
2623,1357,2022-09-09,796,0,30861
2624,1357,2022-10-09,343,0,30518
2625,1357,2022-11-08,904,0,29614
2626,1357,2022-12-08,753,0,28861
2627,1357,2023-01-07,806,0,28055
2628,1357,2023-02-06,320,0,27735
2629,1358,2022-10-17,919,0,44033
2630,1358,2022-11-16,1394,0,42639
2631,1358,2022-12-16,636,0,42003
2632,1358,2023-01-15,1209,0,40794
2633,1359,2022-03-26,1277,0,25903
2634,1359,2022-04-25,474,0,25429
2635,1359,2022-05-25,540,0,24889
2636,1359,2022-06-24,1024,0,23865
2637,1359,2022-07-24,990,0,22875
2638,1360,2022-03-28,1046,0,35850
2639,1360,2022-04-27,794,0,35056
2640,1360,2022-05-27,927,0,34129
2641,1360,2022-06-26,1320,0,32809
2642,1360,2022-07-26,345,15,32464
2643,1360,2022-08-25,309,0,32155
2644,1361,2021-05-14,948,0,16927
2645,1361,2021-06-13,939,0,15988
2646,1361,2021-07-13,1208,0,14780
2647,1361,2021-08-12,1329,0,13451
2648,1362,2023-06-01,626,0,5996
2649,1362,2023-07-01,694,0,5302
2650,1362,2023-07-31,1048,0,4254
2651,1362,2023-08-30,349,0,3905
2652,1362,2023-09-29,677,0,3228
2653,1362,2023-10-29,1299,0,1929
2654,1363,2021-10-11,1467,0,44342
2655,1363,2021-11-10,1398,0,42944
2656,1363,2021-12-10,1047,0,41897
2657,1363,2022-01-09,574,0,41323
2658,1363,2022-02-08,514,0,40809
2659,1363,2022-03-10,628,0,40181
2660,1363,2022-04-09,425,0,39756
2661,1363,2022-05-09,1495,0,38261
2662,1364,2021-09-14,1131,0,20594
2663,1364,2021-10-14,810,0,19784
2664,1364,2021-11-13,631,0,19153
2665,1364,2021-12-13,1199,0,17954
2666,1364,2022-01-12,933,0,17021
2667,1364,2022-02-11,495,60,16526
2668,1364,2022-03-13,757,0,15769
2669,1365,2021-05-22,308,0,45452
2670,1365,2021-06-21,1382,0,44070
2671,1365,2021-07-21,1442,15,42628
2672,1366,2022-06-24,630,0,20016
2673,1366,2022-07-24,779,0,19237
2674,1366,2022-08-23,1215,0,18022
2675,1366,2022-09-22,883,0,17139
2676,1367,2022-05-18,1124,0,20905
2677,1367,2022-06-17,931,0,19974
2678,1367,2022-07-17,509,0,19465
2679,1367,2022-08-16,1426,0,18039
2680,1368,2021-05-09,727,0,33675
2681,1368,2021-06-08,1215,15,32460
2682,1368,2021-07-08,647,0,31813
2683,1368,2021-08-07,1428,0,30385
2684,1368,2021-09-06,1350,0,29035
2685,1368,2021-10-06,1316,0,27719
2686,1369,2021-07-02,465,5,8798
2687,1369,2021-08-01,1319,0,7479
2688,1369,2021-08-31,362,0,7117
2689,1369,2021-09-30,521,30,6596
2690,1370,2023-06-10,516,0,35471
2691,1370,2023-07-10,1294,0,34177
2692,1370,2023-08-09,1464,60,32713
2693,1370,2023-09-08,1380,0,31333
2694,1371,2023-07-15,939,30,12707
2695,1371,2023-08-14,514,0,12193
2696,1371,2023-09-13,389,0,11804
2697,1371,2023-10-13,1402,0,10402
2698,1372,2023-06-27,1193,0,31336
2699,1372,2023-07-27,702,30,30634
2700,1372,2023-08-26,1495,0,29139
2701,1372,2023-09-25,1260,0,27879
2702,1372,2023-10-25,1379,0,26500
2703,1372,2023-11-24,583,0,25917
2704,1372,2023-12-24,917,15,25000
2705,1372,2024-01-23,911,0,24089
2706,1372,2024-02-22,699,0,23390
2707,1372,2024-03-23,385,0,23005
2708,1372,2024-04-22,635,5,22370
2709,1372,2024-05-22,473,0,21897
2710,1373,2022-01-03,375,0,16289
2711,1373,2022-02-02,1404,0,14885
2712,1373,2022-03-04,996,0,13889
2713,1373,2022-04-03,1394,15,12495
2714,1373,2022-05-03,965,0,11530
2715,1373,2022-06-02,1394,0,10136
2716,1373,2022-07-02,448,0,9688
2717,1374,2023-01-06,1176,0,39561
2718,1374,2023-02-05,1168,0,38393
2719,1374,2023-03-07,1323,15,37070
2720,1374,2023-04-06,543,30,36527
2721,1374,2023-05-06,1426,0,35101
2722,1374,2023-06-05,696,0,34405
2723,1374,2023-07-05,1159,0,33246
2724,1374,2023-08-04,1406,0,31840
2725,1374,2023-09-03,1005,0,30835
2726,1374,2023-10-03,514,0,30321
2727,1375,2023-05-02,643,0,40153
2728,1375,2023-06-01,764,0,39389
2729,1375,2023-07-01,1425,0,37964
2730,1375,2023-07-31,624,0,37340
2731,1375,2023-08-30,990,0,36350
2732,1375,2023-09-29,773,0,35577
2733,1375,2023-10-29,362,0,35215
2734,1375,2023-11-28,603,0,34612
2735,1375,2023-12-28,633,60,33979
2736,1375,2024-01-27,710,0,33269
2737,1375,2024-02-26,379,0,32890
2738,1375,2024-03-27,1400,0,31490
2739,1376,2021-07-12,376,0,28651
2740,1376,2021-08-11,1332,0,27319
2741,1376,2021-09-10,544,15,26775
2742,1376,2021-10-10,331,0,26444
2743,1376,2021-11-09,1061,15,25383
2744,1376,2021-12-09,1129,0,24254
2745,1376,2022-01-08,1379,0,22875
2746,1376,2022-02-07,763,0,22112
2747,1376,2022-03-09,1278,0,20834
2748,1376,2022-04-08,997,15,19837
2749,1376,2022-05-08,833,15,19004
2750,1377,2023-01-20,504,5,33869
2751,1377,2023-02-19,1164,0,32705
2752,1377,2023-03-21,1158,0,31547
2753,1377,2023-04-20,653,60,30894
2754,1378,2022-12-12,1226,0,40171
2755,1378,2023-01-11,1484,0,38687
2756,1378,2023-02-10,1451,5,37236
2757,1378,2023-03-12,743,0,36493
2758,1378,2023-04-11,762,0,35731
2759,1378,2023-05-11,772,0,34959
2760,1378,2023-06-10,1362,0,33597
2761,1378,2023-07-10,889,15,32708
2762,1378,2023-08-09,1439,0,31269
2763,1378,2023-09-08,634,0,30635
2764,1378,2023-10-08,1391,0,29244
2765,1379,2021-07-10,685,0,24924
2766,1379,2021-08-09,1417,0,23507
2767,1379,2021-09-08,1370,0,22137
2768,1379,2021-10-08,1173,0,20964
2769,1380,2022-09-02,501,0,40334
2770,1380,2022-10-02,596,0,39738
2771,1380,2022-11-01,792,0,38946
2772,1380,2022-12-01,1222,0,37724
2773,1380,2022-12-31,1389,0,36335
2774,1380,2023-01-30,1261,0,35074
2775,1381,2023-04-11,925,0,42784
2776,1381,2023-05-11,1238,0,41546
2777,1381,2023-06-10,314,0,41232
2778,1381,2023-07-10,498,0,40734
2779,1381,2023-08-09,334,0,40400
2780,1381,2023-09-08,1281,30,39119
2781,1381,2023-10-08,770,0,38349
2782,1382,2022-03-04,1151,0,23099
2783,1382,2022-04-03,993,15,22106
2784,1382,2022-05-03,446,0,21660
2785,1382,2022-06-02,974,0,20686
2786,1382,2022-07-02,1259,0,19427
2787,1382,2022-08-01,420,0,19007
2788,1382,2022-08-31,341,0,18666
2789,1382,2022-09-30,1265,0,17401
2790,1382,2022-10-30,313,5,17088
2791,1382,2022-11-29,1117,0,15971
2792,1383,2021-11-03,594,0,25578
2793,1383,2021-12-03,847,0,24731
2794,1383,2022-01-02,1307,0,23424
2795,1383,2022-02-01,934,15,22490
2796,1383,2022-03-03,913,0,21577
2797,1383,2022-04-02,1345,0,20232
2798,1383,2022-05-02,1254,0,18978
2799,1383,2022-06-01,1098,0,17880
2800,1383,2022-07-01,545,0,17335
2801,1383,2022-07-31,544,0,16791
2802,1384,2023-04-26,1286,0,15269
2803,1384,2023-05-26,307,0,14962
2804,1384,2023-06-25,589,0,14373
2805,1384,2023-07-25,1211,15,13162
2806,1384,2023-08-24,1015,0,12147
2807,1384,2023-09-23,705,0,11442
2808,1384,2023-10-23,1052,30,10390
2809,1384,2023-11-22,1093,0,9297
2810,1384,2023-12-22,406,0,8891
2811,1384,2024-01-21,307,0,8584
2812,1384,2024-02-20,380,0,8204
2813,1384,2024-03-21,985,0,7219
2814,1385,2022-06-18,854,0,26020
2815,1385,2022-07-18,499,0,25521
2816,1385,2022-08-17,1362,0,24159
2817,1385,2022-09-16,1327,5,22832
2818,1385,2022-10-16,1400,0,21432
2819,1385,2022-11-15,944,0,20488
2820,1385,2022-12-15,575,0,19913
2821,1385,2023-01-14,920,0,18993
2822,1385,2023-02-13,1229,15,17764
2823,1385,2023-03-15,482,0,17282
2824,1386,2023-07-15,1018,0,17063
2825,1386,2023-08-14,1025,5,16038
2826,1386,2023-09-13,1343,0,14695
2827,1386,2023-10-13,1114,0,13581
2828,1386,2023-11-12,1488,0,12093
2829,1386,2023-12-12,817,0,11276
2830,1386,2024-01-11,1054,0,10222
2831,1386,2024-02-10,1039,0,9183
2832,1386,2024-03-11,562,0,8621
2833,1386,2024-04-10,557,0,8064
2834,1387,2022-02-26,1274,0,27789
2835,1387,2022-03-28,1418,0,26371
2836,1387,2022-04-27,1201,0,25170
2837,1387,2022-05-27,573,0,24597
2838,1387,2022-06-26,764,0,23833
2839,1387,2022-07-26,1362,0,22471
2840,1387,2022-08-25,1447,0,21024
2841,1387,2022-09-24,1177,30,19847
2842,1387,2022-10-24,1397,0,18450
2843,1387,2022-11-23,860,0,17590
2844,1387,2022-12-23,1021,30,16569
2845,1388,2021-06-14,706,0,11113
2846,1388,2021-07-14,993,0,10120
2847,1388,2021-08-13,794,0,9326
2848,1388,2021-09-12,1428,0,7898
2849,1389,2021-08-13,857,0,29855
2850,1389,2021-09-12,1154,0,28701
2851,1389,2021-10-12,377,0,28324
2852,1389,2021-11-11,1341,0,26983
2853,1390,2022-03-07,1350,60,28412
2854,1390,2022-04-06,763,5,27649
2855,1390,2022-05-06,1123,0,26526
2856,1390,2022-06-05,1050,0,25476
2857,1390,2022-07-05,355,0,25121
2858,1390,2022-08-04,1351,0,23770
2859,1390,2022-09-03,1021,0,22749
2860,1391,2022-11-01,340,0,15706
2861,1391,2022-12-01,559,0,15147
2862,1391,2022-12-31,1155,0,13992
2863,1391,2023-01-30,739,0,13253
2864,1391,2023-03-01,1285,0,11968
2865,1391,2023-03-31,435,15,11533
2866,1391,2023-04-30,1495,0,10038
2867,1391,2023-05-30,1087,0,8951
2868,1391,2023-06-29,1255,5,7696
2869,1391,2023-07-29,1443,5,6253
2870,1391,2023-08-28,1007,0,5246
2871,1392,2021-03-04,352,0,36111
2872,1392,2021-04-03,351,0,35760
2873,1392,2021-05-03,327,0,35433
2874,1392,2021-06-02,1063,0,34370
2875,1392,2021-07-02,846,15,33524
2876,1392,2021-08-01,1119,0,32405
2877,1392,2021-08-31,859,0,31546
2878,1392,2021-09-30,1375,0,30171
2879,1392,2021-10-30,1133,0,29038
2880,1393,2022-12-19,324,0,33445
2881,1393,2023-01-18,1054,0,32391
2882,1393,2023-02-17,497,0,31894
2883,1393,2023-03-19,736,0,31158
2884,1393,2023-04-18,886,0,30272
2885,1393,2023-05-18,926,0,29346
2886,1393,2023-06-17,757,0,28589
2887,1393,2023-07-17,434,5,28155
2888,1394,2022-05-05,1118,0,27032
2889,1394,2022-06-04,394,0,26638
2890,1394,2022-07-04,1469,0,25169
2891,1394,2022-08-03,364,0,24805
2892,1394,2022-09-02,1115,0,23690
2893,1394,2022-10-02,1055,0,22635
2894,1394,2022-11-01,896,0,21739
2895,1394,2022-12-01,926,0,20813
2896,1394,2022-12-31,1422,0,19391
2897,1395,2023-07-02,411,0,7300
2898,1395,2023-08-01,1492,0,5808
2899,1395,2023-08-31,530,0,5278
2900,1395,2023-09-30,552,0,4726
2901,1395,2023-10-30,860,0,3866
2902,1396,2022-05-15,521,15,9332
2903,1396,2022-06-14,1480,0,7852
2904,1396,2022-07-14,1040,0,6812
2905,1396,2022-08-13,840,0,5972
2906,1396,2022-09-12,405,0,5567
2907,1396,2022-10-12,1075,0,4492
2908,1396,2022-11-11,301,0,4191
2909,1396,2022-12-11,1245,0,2946
2910,1396,2023-01-10,1431,0,1515
2911,1396,2023-02-09,592,0,923
2912,1397,2022-02-09,743,0,33334
2913,1397,2022-03-11,1406,0,31928
2914,1397,2022-04-10,931,0,30997
2915,1397,2022-05-10,727,0,30270
2916,1397,2022-06-09,1111,0,29159
2917,1398,2021-02-21,1482,0,27381
2918,1398,2021-03-23,454,60,26927
2919,1398,2021-04-22,1195,15,25732
2920,1398,2021-05-22,1292,15,24440
2921,1398,2021-06-21,685,0,23755
2922,1399,2023-02-19,1014,0,25778
2923,1399,2023-03-21,892,0,24886
2924,1399,2023-04-20,1138,0,23748
2925,1399,2023-05-20,1368,15,22380
2926,1399,2023-06-19,447,0,21933
2927,1399,2023-07-19,1002,15,20931
2928,1399,2023-08-18,695,0,20236
2929,1399,2023-09-17,1150,30,19086
2930,1400,2022-12-01,1172,15,44311
2931,1400,2022-12-31,1093,0,43218
2932,1400,2023-01-30,801,0,42417
2933,1400,2023-03-01,1317,60,41100
2934,1400,2023-03-31,994,15,40106
2935,1400,2023-04-30,1400,60,38706
2936,1400,2023-05-30,1136,0,37570
2937,1401,2021-03-09,969,0,12973
2938,1401,2021-04-08,898,0,12075
2939,1401,2021-05-08,945,5,11130
2940,1401,2021-06-07,1322,0,9808
2941,1401,2021-07-07,749,0,9059
2942,1401,2021-08-06,1359,0,7700
2943,1402,2021-09-17,570,15,6192
2944,1402,2021-10-17,1091,0,5101
2945,1402,2021-11-16,1133,0,3968
2946,1402,2021-12-16,637,0,3331
2947,1402,2022-01-15,650,15,2681
2948,1402,2022-02-14,791,30,1890
2949,1402,2022-03-16,308,15,1582
2950,1402,2022-04-15,860,0,722
2951,1403,2022-01-30,1091,0,35896
2952,1403,2022-03-01,1431,0,34465
2953,1403,2022-03-31,332,0,34133
2954,1403,2022-04-30,865,0,33268
2955,1403,2022-05-30,761,30,32507
2956,1403,2022-06-29,1445,30,31062
2957,1403,2022-07-29,645,0,30417
2958,1403,2022-08-28,1055,5,29362
2959,1403,2022-09-27,777,0,28585
2960,1403,2022-10-27,952,0,27633
2961,1404,2022-08-16,1150,0,19700
2962,1404,2022-09-15,1092,0,18608
2963,1404,2022-10-15,1457,0,17151
2964,1404,2022-11-14,969,0,16182
2965,1405,2022-04-13,905,30,16207
2966,1405,2022-05-13,868,0,15339
2967,1405,2022-06-12,1131,30,14208
2968,1405,2022-07-12,315,0,13893
2969,1405,2022-08-11,371,0,13522
2970,1405,2022-09-10,365,0,13157
2971,1405,2022-10-10,1378,0,11779
2972,1405,2022-11-09,1273,0,10506
2973,1405,2022-12-09,807,0,9699
2974,1405,2023-01-08,1136,0,8563
2975,1405,2023-02-07,1093,0,7470
2976,1405,2023-03-09,721,0,6749
2977,1406,2023-03-17,787,0,28271
2978,1406,2023-04-16,377,0,27894
2979,1406,2023-05-16,740,0,27154
2980,1406,2023-06-15,911,0,26243
2981,1406,2023-07-15,1216,0,25027
2982,1406,2023-08-14,908,0,24119
2983,1406,2023-09-13,1194,0,22925
2984,1406,2023-10-13,1110,0,21815
2985,1406,2023-11-12,825,0,20990
2986,1406,2023-12-12,1438,0,19552
2987,1407,2021-11-09,1323,0,42567
2988,1407,2021-12-09,1044,0,41523
2989,1407,2022-01-08,314,0,41209
2990,1408,2021-02-26,999,0,4482
2991,1408,2021-03-28,304,0,4178
2992,1408,2021-04-27,1472,0,2706
2993,1408,2021-05-27,1311,0,1395
2994,1408,2021-06-26,468,0,927
2995,1408,2021-07-26,927,0,0
2996,1409,2021-09-13,343,0,37578
2997,1409,2021-10-13,1229,0,36349
2998,1409,2021-11-12,322,0,36027
2999,1409,2021-12-12,1366,0,34661
3000,1409,2022-01-11,602,5,34059
3001,1409,2022-02-10,1298,0,32761
3002,1409,2022-03-12,920,0,31841
3003,1409,2022-04-11,1135,15,30706
3004,1409,2022-05-11,1359,0,29347
3005,1409,2022-06-10,1477,0,27870
3006,1410,2021-11-03,390,0,44995
3007,1410,2021-12-03,849,0,44146
3008,1410,2022-01-02,1361,0,42785
3009,1410,2022-02-01,1366,0,41419
3010,1410,2022-03-03,816,0,40603
3011,1410,2022-04-02,422,0,40181
3012,1411,2023-04-08,1273,0,5251
3013,1411,2023-05-08,1485,0,3766
3014,1411,2023-06-07,722,0,3044
3015,1411,2023-07-07,1103,0,1941
3016,1411,2023-08-06,933,0,1008
3017,1411,2023-09-05,395,0,613
3018,1411,2023-10-05,613,0,0
3019,1412,2022-10-01,1222,0,38666
3020,1412,2022-10-31,729,0,37937
3021,1412,2022-11-30,836,0,37101
3022,1412,2022-12-30,386,0,36715
3023,1412,2023-01-29,1293,0,35422
3024,1412,2023-02-28,1121,0,34301
3025,1412,2023-03-30,1236,0,33065
3026,1412,2023-04-29,490,0,32575
3027,1412,2023-05-29,441,0,32134
3028,1413,2021-11-10,1490,0,18558
3029,1413,2021-12-10,1434,0,17124
3030,1413,2022-01-09,1163,0,15961
3031,1413,2022-02-08,1273,0,14688
3032,1413,2022-03-10,474,0,14214
3033,1413,2022-04-09,484,0,13730
3034,1413,2022-05-09,1118,0,12612
3035,1413,2022-06-08,1404,0,11208
3036,1413,2022-07-08,1086,0,10122
3037,1413,2022-08-07,1060,0,9062
3038,1414,2023-06-28,368,0,39743
3039,1414,2023-07-28,1174,0,38569
3040,1414,2023-08-27,1203,15,37366
3041,1414,2023-09-26,853,0,36513
3042,1414,2023-10-26,350,0,36163
3043,1415,2022-05-26,656,0,42248
3044,1415,2022-06-25,1146,0,41102
3045,1415,2022-07-25,1473,0,39629
3046,1415,2022-08-24,1382,0,38247
3047,1415,2022-09-23,1135,0,37112
3048,1415,2022-10-23,666,0,36446
3049,1416,2022-04-28,1305,0,37703
3050,1416,2022-05-28,1019,0,36684
3051,1416,2022-06-27,1322,0,35362
3052,1416,2022-07-27,476,0,34886
3053,1416,2022-08-26,1396,0,33490
3054,1416,2022-09-25,308,0,33182
3055,1416,2022-10-25,1223,0,31959
3056,1416,2022-11-24,1351,0,30608
3057,1416,2022-12-24,326,5,30282
3058,1416,2023-01-23,384,0,29898
3059,1417,2023-05-09,1422,0,3638
3060,1417,2023-06-08,311,0,3327
3061,1417,2023-07-08,1353,0,1974
3062,1417,2023-08-07,871,0,1103
3063,1418,2023-04-26,479,0,13651
3064,1418,2023-05-26,1344,0,12307
3065,1418,2023-06-25,1469,0,10838
3066,1418,2023-07-25,720,0,10118
3067,1419,2022-11-20,767,0,22256
3068,1419,2022-12-20,613,0,21643
3069,1419,2023-01-19,1258,0,20385
3070,1419,2023-02-18,638,0,19747
3071,1419,2023-03-20,665,0,19082
3072,1419,2023-04-19,774,0,18308
3073,1420,2022-06-30,326,0,18024
3074,1420,2022-07-30,1100,0,16924
3075,1420,2022-08-29,1163,0,15761
3076,1420,2022-09-28,1038,0,14723
3077,1420,2022-10-28,714,0,14009
3078,1420,2022-11-27,728,60,13281
3079,1420,2022-12-27,1311,5,11970
3080,1420,2023-01-26,378,0,11592
3081,1420,2023-02-25,843,0,10749
3082,1421,2022-07-31,909,0,28445
3083,1421,2022-08-30,1113,0,27332
3084,1421,2022-09-29,345,5,26987
3085,1421,2022-10-29,497,0,26490
3086,1421,2022-11-28,1484,0,25006
3087,1421,2022-12-28,819,0,24187
3088,1421,2023-01-27,1212,0,22975
3089,1421,2023-02-26,592,0,22383
3090,1422,2021-08-10,1166,0,31979
3091,1422,2021-09-09,561,0,31418
3092,1422,2021-10-09,656,0,30762
3093,1423,2021-03-20,1336,0,37684
3094,1423,2021-04-19,585,0,37099
3095,1423,2021-05-19,869,0,36230
3096,1423,2021-06-18,797,15,35433
3097,1423,2021-07-18,1004,15,34429
3098,1423,2021-08-17,331,0,34098
3099,1423,2021-09-16,858,0,33240
3100,1423,2021-10-16,1242,0,31998
3101,1423,2021-11-15,336,0,31662
3102,1423,2021-12-15,484,15,31178
3103,1423,2022-01-14,671,0,30507
3104,1424,2022-06-26,377,0,25210
3105,1424,2022-07-26,563,0,24647
3106,1424,2022-08-25,1023,30,23624
3107,1424,2022-09-24,811,0,22813
3108,1424,2022-10-24,875,0,21938
3109,1424,2022-11-23,1497,0,20441
3110,1424,2022-12-23,762,0,19679
3111,1424,2023-01-22,543,30,19136
3112,1424,2023-02-21,404,15,18732
3113,1424,2023-03-23,1492,0,17240
3114,1424,2023-04-22,1366,0,15874
3115,1425,2021-02-16,443,0,45688
3116,1425,2021-03-18,1089,5,44599
3117,1425,2021-04-17,958,0,43641
3118,1426,2021-07-21,1318,15,13332
3119,1426,2021-08-20,1050,5,12282
3120,1426,2021-09-19,1063,0,11219
3121,1426,2021-10-19,991,0,10228
3122,1426,2021-11-18,1018,0,9210
3123,1426,2021-12-18,1349,0,7861
3124,1426,2022-01-17,1305,0,6556
3125,1427,2021-09-07,316,5,24617
3126,1427,2021-10-07,1069,0,23548
3127,1427,2021-11-06,417,0,23131
3128,1427,2021-12-06,322,0,22809
3129,1427,2022-01-05,326,0,22483
3130,1427,2022-02-04,1404,0,21079
3131,1427,2022-03-06,1074,0,20005
3132,1427,2022-04-05,1407,0,18598
3133,1427,2022-05-05,595,0,18003
3134,1427,2022-06-04,1300,30,16703
3135,1427,2022-07-04,1170,0,15533
3136,1427,2022-08-03,1052,0,14481
3137,1428,2021-07-07,361,0,25220
3138,1428,2021-08-06,555,60,24665
3139,1428,2021-09-05,914,5,23751
3140,1428,2021-10-05,1123,30,22628
3141,1428,2021-11-04,1031,0,21597
3142,1428,2021-12-04,1177,0,20420
3143,1428,2022-01-03,773,0,19647
3144,1428,2022-02-02,1340,60,18307
3145,1429,2022-05-22,665,0,27728
3146,1429,2022-06-21,1244,0,26484
3147,1429,2022-07-21,730,0,25754
3148,1429,2022-08-20,529,0,25225
3149,1429,2022-09-19,867,0,24358
3150,1429,2022-10-19,1092,0,23266
3151,1429,2022-11-18,1274,0,21992
3152,1430,2021-03-17,917,0,27134
3153,1430,2021-04-16,1397,0,25737
3154,1430,2021-05-16,515,0,25222
3155,1430,2021-06-15,1222,0,24000
3156,1430,2021-07-15,588,0,23412
3157,1430,2021-08-14,1467,5,21945
3158,1430,2021-09-13,1156,5,20789
3159,1430,2021-10-13,1080,0,19709
3160,1430,2021-11-12,863,0,18846
3161,1430,2021-12-12,312,0,18534
3162,1430,2022-01-11,639,0,17895
3163,1430,2022-02-10,611,0,17284
3164,1431,2022-02-07,599,0,30613
3165,1431,2022-03-09,468,0,30145
3166,1431,2022-04-08,1067,0,29078
3167,1431,2022-05-08,501,0,28577
3168,1431,2022-06-07,763,0,27814
3169,1432,2022-07-02,736,0,8354
3170,1432,2022-08-01,830,0,7524
3171,1432,2022-08-31,1171,15,6353
3172,1432,2022-09-30,1427,0,4926
3173,1432,2022-10-30,1404,0,3522
3174,1432,2022-11-29,453,0,3069
3175,1432,2022-12-29,539,0,2530
3176,1432,2023-01-28,1104,0,1426
3177,1432,2023-02-27,910,0,516
3178,1432,2023-03-29,516,0,0
3179,1433,2021-05-09,725,0,11235
3180,1433,2021-06-08,363,0,10872
3181,1433,2021-07-08,1332,0,9540
3182,1433,2021-08-07,769,0,8771
3183,1433,2021-09-06,1396,0,7375
3184,1433,2021-10-06,1344,5,6031
3185,1434,2023-07-11,875,0,39897
3186,1434,2023-08-10,502,0,39395
3187,1434,2023-09-09,1429,0,37966
3188,1434,2023-10-09,617,0,37349
3189,1434,2023-11-08,705,0,36644
3190,1434,2023-12-08,1393,0,35251
3191,1434,2024-01-07,1461,0,33790
3192,1434,2024-02-06,1134,0,32656
3193,1434,2024-03-07,805,0,31851
3194,1434,2024-04-06,974,0,30877
3195,1434,2024-05-06,1014,0,29863
3196,1435,2023-02-14,1267,0,25253
3197,1435,2023-03-16,917,0,24336
3198,1435,2023-04-15,606,30,23730
3199,1435,2023-05-15,421,0,23309
3200,1435,2023-06-14,1477,0,21832
3201,1435,2023-07-14,1492,15,20340
3202,1435,2023-08-13,852,0,19488
3203,1436,2021-03-08,1450,0,39958
3204,1436,2021-04-07,814,30,39144
3205,1436,2021-05-07,797,0,38347
3206,1436,2021-06-06,697,0,37650
3207,1436,2021-07-06,735,0,36915
3208,1437,2021-11-06,1452,0,32018
3209,1437,2021-12-06,513,5,31505
3210,1437,2022-01-05,434,5,31071
3211,1437,2022-02-04,685,30,30386
3212,1437,2022-03-06,688,0,29698
3213,1437,2022-04-05,1003,0,28695
3214,1437,2022-05-05,1072,0,27623
3215,1437,2022-06-04,1163,0,26460
3216,1437,2022-07-04,973,0,25487
3217,1437,2022-08-03,503,0,24984
3218,1438,2022-01-14,775,0,24716
3219,1438,2022-02-13,509,0,24207
3220,1438,2022-03-15,728,0,23479
3221,1439,2022-06-11,1403,0,4938
3222,1439,2022-07-11,1458,0,3480
3223,1439,2022-08-10,821,0,2659
3224,1439,2022-09-09,1198,0,1461
3225,1439,2022-10-09,1367,0,94
3226,1439,2022-11-08,94,15,0
3227,1440,2021-11-28,1341,0,48282
3228,1440,2021-12-28,1247,0,47035
3229,1440,2022-01-27,1471,0,45564
3230,1440,2022-02-26,471,0,45093
3231,1440,2022-03-28,1443,0,43650
3232,1441,2021-07-30,440,0,29351
3233,1441,2021-08-29,488,0,28863
3234,1441,2021-09-28,969,0,27894
3235,1441,2021-10-28,1155,0,26739
3236,1442,2022-09-29,629,0,4709
3237,1442,2022-10-29,1394,0,3315
3238,1442,2022-11-28,378,0,2937
3239,1443,2021-05-09,479,0,10416
3240,1443,2021-06-08,1328,0,9088
3241,1443,2021-07-08,1154,0,7934
3242,1443,2021-08-07,656,0,7278
3243,1443,2021-09-06,738,0,6540
3244,1443,2021-10-06,1438,0,5102
3245,1443,2021-11-05,821,0,4281
3246,1443,2021-12-05,1373,0,2908
3247,1443,2022-01-04,969,0,1939
3248,1444,2022-12-31,476,0,16778
3249,1444,2023-01-30,834,0,15944
3250,1444,2023-03-01,529,0,15415
3251,1444,2023-03-31,1423,5,13992
3252,1444,2023-04-30,354,0,13638
3253,1444,2023-05-30,723,0,12915
3254,1445,2021-05-26,1152,0,15192
3255,1445,2021-06-25,1051,0,14141
3256,1445,2021-07-25,715,0,13426
3257,1445,2021-08-24,665,0,12761
3258,1445,2021-09-23,898,0,11863
3259,1445,2021-10-23,988,15,10875
3260,1445,2021-11-22,310,0,10565
3261,1445,2021-12-22,718,15,9847
3262,1445,2022-01-21,647,0,9200
3263,1446,2021-08-09,391,0,6359
3264,1446,2021-09-08,1254,0,5105
3265,1446,2021-10-08,853,0,4252
3266,1446,2021-11-07,493,0,3759
3267,1446,2021-12-07,938,15,2821
3268,1446,2022-01-06,777,0,2044
3269,1446,2022-02-05,997,15,1047
3270,1446,2022-03-07,994,0,53
3271,1446,2022-04-06,53,0,0
3272,1447,2021-10-10,766,0,6655
3273,1447,2021-11-09,719,0,5936
3274,1447,2021-12-09,1061,15,4875
3275,1447,2022-01-08,607,0,4268
3276,1447,2022-02-07,633,0,3635
3277,1447,2022-03-09,1321,0,2314
3278,1447,2022-04-08,1131,0,1183
3279,1447,2022-05-08,549,0,634
3280,1448,2021-07-10,483,0,44404
3281,1448,2021-08-09,485,5,43919
3282,1448,2021-09-08,1392,0,42527
3283,1448,2021-10-08,926,0,41601
3284,1448,2021-11-07,1082,0,40519
3285,1448,2021-12-07,1074,0,39445
3286,1448,2022-01-06,1306,0,38139
3287,1448,2022-02-05,976,0,37163
3288,1448,2022-03-07,510,15,36653
3289,1448,2022-04-06,789,0,35864
3290,1449,2021-10-13,1410,5,8909
3291,1449,2021-11-12,686,60,8223
3292,1449,2021-12-12,918,0,7305
3293,1449,2022-01-11,477,0,6828
3294,1449,2022-02-10,786,5,6042
3295,1449,2022-03-12,799,0,5243
3296,1449,2022-04-11,312,30,4931
3297,1449,2022-05-11,1373,0,3558
3298,1449,2022-06-10,943,15,2615
3299,1449,2022-07-10,551,0,2064
3300,1449,2022-08-09,352,0,1712
3301,1449,2022-09-08,492,0,1220
3302,1450,2021-12-19,497,0,20399
3303,1450,2022-01-18,1022,0,19377
3304,1450,2022-02-17,983,0,18394
3305,1451,2021-06-07,811,0,16107
3306,1451,2021-07-07,1489,0,14618
3307,1451,2021-08-06,863,0,13755
3308,1451,2021-09-05,1443,15,12312
3309,1451,2021-10-05,1106,0,11206
3310,1451,2021-11-04,1175,0,10031
3311,1451,2021-12-04,634,0,9397
3312,1451,2022-01-03,1164,0,8233
3313,1452,2021-02-17,975,0,29089
3314,1452,2021-03-19,304,0,28785
3315,1452,2021-04-18,1468,0,27317
3316,1453,2023-04-03,647,5,32288
3317,1453,2023-05-03,656,0,31632
3318,1453,2023-06-02,797,0,30835
3319,1454,2023-02-04,802,0,41839
3320,1454,2023-03-06,518,0,41321
3321,1454,2023-04-05,751,30,40570
3322,1454,2023-05-05,1037,0,39533
3323,1454,2023-06-04,703,0,38830
3324,1454,2023-07-04,638,0,38192
3325,1454,2023-08-03,1286,0,36906
3326,1455,2022-08-19,985,0,33726
3327,1455,2022-09-18,1359,0,32367
3328,1455,2022-10-18,1293,0,31074
3329,1455,2022-11-17,322,0,30752
3330,1455,2022-12-17,1304,0,29448
3331,1456,2022-08-23,1082,0,8724
3332,1456,2022-09-22,307,0,8417
3333,1456,2022-10-22,874,60,7543
3334,1456,2022-11-21,1211,5,6332
3335,1456,2022-12-21,817,0,5515
3336,1457,2021-12-19,782,0,45578
3337,1457,2022-01-18,878,0,44700
3338,1457,2022-02-17,711,0,43989
3339,1457,2022-03-19,1190,0,42799
3340,1457,2022-04-18,1262,0,41537
3341,1457,2022-05-18,599,5,40938
3342,1457,2022-06-17,1124,0,39814
3343,1457,2022-07-17,1291,15,38523
3344,1458,2023-06-21,448,0,16734
3345,1458,2023-07-21,606,0,16128
3346,1458,2023-08-20,734,0,15394
3347,1458,2023-09-19,681,0,14713
3348,1458,2023-10-19,1396,0,13317
3349,1458,2023-11-18,997,0,12320
3350,1458,2023-12-18,867,0,11453
3351,1458,2024-01-17,725,0,10728
3352,1458,2024-02-16,305,0,10423
3353,1458,2024-03-17,704,0,9719
3354,1459,2022-12-17,1123,0,26174
3355,1459,2023-01-16,1410,0,24764
3356,1459,2023-02-15,1474,0,23290
3357,1459,2023-03-17,329,0,22961
3358,1459,2023-04-16,720,0,22241
3359,1459,2023-05-16,604,0,21637
3360,1459,2023-06-15,1495,0,20142
3361,1459,2023-07-15,690,0,19452
3362,1459,2023-08-14,598,0,18854
3363,1459,2023-09-13,925,0,17929
3364,1459,2023-10-13,506,0,17423
3365,1459,2023-11-12,1224,0,16199
3366,1460,2023-04-02,1308,0,23233
3367,1460,2023-05-02,1154,0,22079
3368,1460,2023-06-01,983,0,21096
3369,1460,2023-07-01,467,0,20629
3370,1460,2023-07-31,1148,0,19481
3371,1460,2023-08-30,1435,0,18046
3372,1461,2022-10-18,570,0,33351
3373,1461,2022-11-17,802,0,32549
3374,1461,2022-12-17,793,15,31756
3375,1461,2023-01-16,543,0,31213
3376,1461,2023-02-15,566,30,30647
3377,1461,2023-03-17,1192,0,29455
3378,1461,2023-04-16,1214,0,28241
3379,1461,2023-05-16,783,0,27458
3380,1461,2023-06-15,545,0,26913
3381,1461,2023-07-15,451,60,26462
3382,1461,2023-08-14,666,0,25796
3383,1461,2023-09-13,385,0,25411
3384,1462,2021-11-14,745,0,21029
3385,1462,2021-12-14,603,0,20426
3386,1462,2022-01-13,1203,0,19223
3387,1462,2022-02-12,346,0,18877
3388,1462,2022-03-14,989,0,17888
3389,1462,2022-04-13,1085,0,16803
3390,1462,2022-05-13,585,0,16218
3391,1462,2022-06-12,1149,15,15069
3392,1462,2022-07-12,330,0,14739
3393,1462,2022-08-11,739,0,14000
3394,1462,2022-09-10,711,0,13289
3395,1462,2022-10-10,1248,0,12041
3396,1463,2023-06-03,973,0,48840
3397,1463,2023-07-03,1003,0,47837
3398,1463,2023-08-02,1222,0,46615
3399,1463,2023-09-01,475,0,46140
3400,1464,2022-11-24,681,0,41517
3401,1464,2022-12-24,605,0,40912
3402,1464,2023-01-23,642,15,40270
3403,1464,2023-02-22,1011,0,39259
3404,1464,2023-03-24,702,0,38557
3405,1464,2023-04-23,922,0,37635
3406,1464,2023-05-23,902,0,36733
3407,1464,2023-06-22,1042,0,35691
3408,1464,2023-07-22,600,0,35091
3409,1464,2023-08-21,1050,0,34041
3410,1465,2022-10-31,782,0,13038
3411,1465,2022-11-30,432,0,12606
3412,1465,2022-12-30,811,0,11795
3413,1465,2023-01-29,1286,0,10509
3414,1465,2023-02-28,337,0,10172
3415,1465,2023-03-30,1286,0,8886
3416,1465,2023-04-29,604,30,8282
3417,1465,2023-05-29,532,5,7750
3418,1466,2021-07-04,1138,15,27932
3419,1466,2021-08-03,1324,0,26608
3420,1466,2021-09-02,806,5,25802
3421,1466,2021-10-02,880,0,24922
3422,1466,2021-11-01,819,0,24103
3423,1466,2021-12-01,791,0,23312
3424,1466,2021-12-31,1225,0,22087
3425,1466,2022-01-30,1367,0,20720
3426,1466,2022-03-01,338,0,20382
3427,1466,2022-03-31,421,0,19961
3428,1467,2022-06-04,667,0,8565
3429,1467,2022-07-04,1222,0,7343
3430,1467,2022-08-03,674,0,6669
3431,1467,2022-09-02,818,0,5851
3432,1467,2022-10-02,1437,0,4414
3433,1467,2022-11-01,1419,0,2995
3434,1467,2022-12-01,587,0,2408
3435,1467,2022-12-31,722,0,1686
3436,1467,2023-01-30,349,0,1337
3437,1468,2022-02-20,1182,0,14940
3438,1468,2022-03-22,512,0,14428
3439,1468,2022-04-21,1110,5,13318
3440,1468,2022-05-21,1460,0,11858
3441,1468,2022-06-20,1388,0,10470
3442,1468,2022-07-20,633,0,9837
3443,1468,2022-08-19,1197,0,8640
3444,1468,2022-09-18,1465,0,7175
3445,1469,2023-03-26,1287,0,18736
3446,1469,2023-04-25,1472,0,17264
3447,1469,2023-05-25,819,0,16445
3448,1469,2023-06-24,315,0,16130
3449,1469,2023-07-24,582,15,15548
3450,1469,2023-08-23,1358,0,14190
3451,1469,2023-09-22,1258,0,12932
3452,1469,2023-10-22,1404,0,11528
3453,1469,2023-11-21,541,0,10987
3454,1469,2023-12-21,1003,0,9984
3455,1469,2024-01-20,532,0,9452
3456,1469,2024-02-19,1250,0,8202
3457,1470,2021-05-14,1401,0,11606
3458,1470,2021-06-13,1102,0,10504
3459,1470,2021-07-13,411,5,10093
3460,1471,2022-02-27,1468,0,21437
3461,1471,2022-03-29,317,5,21120
3462,1471,2022-04-28,1478,15,19642
3463,1472,2023-04-21,659,0,46127
3464,1472,2023-05-21,827,5,45300
3465,1472,2023-06-20,511,0,44789
3466,1472,2023-07-20,582,15,44207
3467,1472,2023-08-19,1353,0,42854
3468,1472,2023-09-18,976,0,41878
3469,1472,2023-10-18,890,0,40988
3470,1472,2023-11-17,755,0,40233
3471,1472,2023-12-17,378,0,39855
3472,1472,2024-01-16,402,0,39453
3473,1472,2024-02-15,1289,0,38164
3474,1472,2024-03-16,533,0,37631
3475,1473,2021-10-03,686,0,33712
3476,1473,2021-11-02,337,0,33375
3477,1473,2021-12-02,1440,0,31935
3478,1473,2022-01-01,861,0,31074
3479,1473,2022-01-31,597,0,30477
3480,1473,2022-03-02,1031,15,29446
3481,1473,2022-04-01,348,0,29098
3482,1473,2022-05-01,1079,0,28019
3483,1474,2021-07-25,1254,0,38014
3484,1474,2021-08-24,1089,0,36925
3485,1474,2021-09-23,864,0,36061
3486,1474,2021-10-23,1065,60,34996
3487,1475,2021-03-10,1214,0,10523
3488,1475,2021-04-09,394,60,10129
3489,1475,2021-05-09,1321,0,8808
3490,1475,2021-06-08,1055,0,7753
3491,1476,2022-05-22,430,0,40632
3492,1476,2022-06-21,680,0,39952
3493,1476,2022-07-21,1444,30,38508
3494,1476,2022-08-20,755,5,37753
3495,1476,2022-09-19,1009,0,36744
3496,1476,2022-10-19,1466,0,35278
3497,1476,2022-11-18,530,0,34748
3498,1476,2022-12-18,1279,0,33469
3499,1476,2023-01-17,1221,0,32248
3500,1476,2023-02-16,377,0,31871
3501,1476,2023-03-18,700,0,31171
3502,1476,2023-04-17,562,0,30609
3503,1477,2022-12-13,558,0,29952
3504,1477,2023-01-12,607,0,29345
3505,1477,2023-02-11,1096,0,28249
3506,1477,2023-03-13,1164,0,27085
3507,1477,2023-04-12,623,0,26462
3508,1478,2023-02-28,1026,0,23400
3509,1478,2023-03-30,516,0,22884
3510,1478,2023-04-29,747,0,22137
3511,1478,2023-05-29,1293,0,20844
3512,1478,2023-06-28,336,0,20508
3513,1478,2023-07-28,1310,0,19198
3514,1479,2022-07-22,508,0,41757
3515,1479,2022-08-21,1475,0,40282
3516,1479,2022-09-20,900,0,39382
3517,1479,2022-10-20,1402,5,37980
3518,1479,2022-11-19,1141,0,36839
3519,1479,2022-12-19,692,0,36147
3520,1479,2023-01-18,1209,0,34938
3521,1479,2023-02-17,569,0,34369
3522,1479,2023-03-19,376,5,33993
3523,1480,2023-06-16,1490,0,21360
3524,1480,2023-07-16,1412,0,19948
3525,1480,2023-08-15,1479,0,18469
3526,1480,2023-09-14,316,0,18153
3527,1480,2023-10-14,632,0,17521
3528,1480,2023-11-13,1403,0,16118
3529,1481,2023-04-28,415,0,5199
3530,1481,2023-05-28,1492,0,3707
3531,1481,2023-06-27,1109,0,2598
3532,1481,2023-07-27,1176,60,1422
3533,1481,2023-08-26,455,0,967
3534,1481,2023-09-25,807,0,160
3535,1481,2023-10-25,160,0,0
3536,1482,2022-03-14,630,0,26146
3537,1482,2022-04-13,1455,0,24691
3538,1482,2022-05-13,607,0,24084
3539,1482,2022-06-12,521,0,23563
3540,1482,2022-07-12,1096,0,22467
3541,1482,2022-08-11,1480,0,20987
3542,1482,2022-09-10,411,0,20576
3543,1483,2022-07-09,631,30,28446
3544,1483,2022-08-08,460,0,27986
3545,1483,2022-09-07,577,60,27409
3546,1483,2022-10-07,1196,60,26213
3547,1483,2022-11-06,954,0,25259
3548,1483,2022-12-06,737,0,24522
3549,1483,2023-01-05,485,5,24037
3550,1483,2023-02-04,972,0,23065
3551,1483,2023-03-06,578,0,22487
3552,1483,2023-04-05,1325,15,21162
3553,1483,2023-05-05,1310,0,19852
3554,1484,2023-05-08,1298,0,13076
3555,1484,2023-06-07,584,0,12492
3556,1484,2023-07-07,412,0,12080
3557,1484,2023-08-06,827,0,11253
3558,1484,2023-09-05,461,0,10792
3559,1485,2022-06-20,745,0,39690
3560,1485,2022-07-20,803,0,38887
3561,1485,2022-08-19,1020,30,37867
3562,1485,2022-09-18,881,15,36986
3563,1486,2023-05-05,1035,0,34872
3564,1486,2023-06-04,1053,0,33819
3565,1486,2023-07-04,323,0,33496
3566,1486,2023-08-03,1349,0,32147
3567,1487,2021-03-07,1269,0,17140
3568,1487,2021-04-06,1335,0,15805
3569,1487,2021-05-06,733,0,15072
3570,1487,2021-06-05,432,15,14640
3571,1487,2021-07-05,668,0,13972
3572,1487,2021-08-04,722,0,13250
3573,1487,2021-09-03,543,0,12707
3574,1487,2021-10-03,866,0,11841
3575,1487,2021-11-02,336,5,11505
3576,1488,2022-12-16,1151,0,20363
3577,1488,2023-01-15,922,0,19441
3578,1488,2023-02-14,404,0,19037
3579,1488,2023-03-16,1162,0,17875
3580,1488,2023-04-15,598,0,17277
3581,1488,2023-05-15,1070,0,16207
3582,1488,2023-06-14,1370,0,14837
3583,1489,2021-02-19,1290,0,33576
3584,1489,2021-03-21,338,0,33238
3585,1489,2021-04-20,1225,0,32013
3586,1489,2021-05-20,1245,0,30768
3587,1489,2021-06-19,673,0,30095
3588,1489,2021-07-19,455,0,29640
3589,1489,2021-08-18,1413,5,28227
3590,1489,2021-09-17,650,0,27577
3591,1489,2021-10-17,1375,0,26202
3592,1489,2021-11-16,808,0,25394
3593,1489,2021-12-16,1120,5,24274
3594,1489,2022-01-15,1180,0,23094
3595,1490,2021-12-17,329,0,7654
3596,1490,2022-01-16,1248,0,6406
3597,1490,2022-02-15,1171,0,5235
3598,1490,2022-03-17,678,0,4557
3599,1490,2022-04-16,568,5,3989
3600,1490,2022-05-16,1396,0,2593
3601,1491,2023-03-17,1098,0,35607
3602,1491,2023-04-16,1472,0,34135
3603,1491,2023-05-16,715,0,33420
3604,1491,2023-06-15,1166,0,32254
3605,1491,2023-07-15,722,0,31532
3606,1491,2023-08-14,1258,15,30274
3607,1491,2023-09-13,714,0,29560
3608,1491,2023-10-13,1484,0,28076
3609,1492,2022-06-26,963,0,24699
3610,1492,2022-07-26,1272,0,23427
3611,1492,2022-08-25,587,0,22840
3612,1492,2022-09-24,711,0,22129
3613,1492,2022-10-24,1341,0,20788
3614,1492,2022-11-23,1058,0,19730
3615,1493,2022-03-06,1324,0,27186
3616,1493,2022-04-05,808,0,26378
3617,1493,2022-05-05,1105,0,25273
3618,1493,2022-06-04,1253,0,24020
3619,1493,2022-07-04,331,0,23689
3620,1493,2022-08-03,490,0,23199
3621,1493,2022-09-02,373,0,22826
3622,1493,2022-10-02,1170,0,21656
3623,1494,2022-11-15,413,0,17238
3624,1494,2022-12-15,629,0,16609
3625,1494,2023-01-14,1496,0,15113
3626,1494,2023-02-13,904,5,14209
3627,1494,2023-03-15,861,0,13348
3628,1494,2023-04-14,892,60,12456
3629,1494,2023-05-14,672,0,11784
3630,1494,2023-06-13,1127,5,10657
3631,1494,2023-07-13,1127,0,9530
3632,1494,2023-08-12,679,0,8851
3633,1494,2023-09-11,862,0,7989
3634,1495,2023-07-02,1118,0,44880
3635,1495,2023-08-01,504,0,44376
3636,1495,2023-08-31,556,60,43820
3637,1496,2022-05-16,1337,0,32198
3638,1496,2022-06-15,486,0,31712
3639,1496,2022-07-15,1165,0,30547
3640,1496,2022-08-14,1261,5,29286
3641,1497,2021-06-22,649,0,10991
3642,1497,2021-07-22,1288,0,9703
3643,1497,2021-08-21,657,0,9046
3644,1497,2021-09-20,1348,0,7698
3645,1497,2021-10-20,1001,0,6697
3646,1497,2021-11-19,848,0,5849
3647,1497,2021-12-19,631,5,5218
3648,1497,2022-01-18,948,0,4270
3649,1497,2022-02-17,1352,0,2918
3650,1497,2022-03-19,1471,0,1447
3651,1497,2022-04-18,582,0,865
3652,1498,2021-05-02,412,60,49135
3653,1498,2021-06-01,1161,0,47974
3654,1498,2021-07-01,807,0,47167
3655,1498,2021-07-31,1123,0,46044
3656,1498,2021-08-30,1421,0,44623
3657,1499,2022-01-19,1479,0,18838
3658,1499,2022-02-18,923,0,17915
3659,1499,2022-03-20,1016,0,16899
3660,1499,2022-04-19,866,0,16033
3661,1499,2022-05-19,1440,0,14593
3662,1500,2023-05-14,895,0,11669
3663,1500,2023-06-13,1258,0,10411
3664,1500,2023-07-13,774,0,9637
3665,1500,2023-08-12,561,0,9076
3666,1500,2023-09-11,480,0,8596
3667,1500,2023-10-11,320,0,8276
3668,1501,2023-04-10,1439,0,30906
3669,1501,2023-05-10,1251,15,29655
3670,1501,2023-06-09,1258,0,28397
3671,1501,2023-07-09,1233,60,27164
3672,1502,2023-01-27,1491,0,32196
3673,1502,2023-02-26,314,0,31882
3674,1502,2023-03-28,603,5,31279
3675,1503,2023-06-03,495,0,18242
3676,1503,2023-07-03,1099,0,17143
3677,1503,2023-08-02,754,15,16389
3678,1504,2021-03-22,1450,0,12873
3679,1504,2021-04-21,1389,0,11484
3680,1504,2021-05-21,578,0,10906
3681,1504,2021-06-20,470,0,10436
3682,1505,2022-11-26,964,0,19265
3683,1505,2022-12-26,1468,0,17797
3684,1505,2023-01-25,1478,0,16319
3685,1505,2023-02-24,662,0,15657
3686,1505,2023-03-26,954,30,14703
3687,1505,2023-04-25,845,0,13858
3688,1505,2023-05-25,1203,5,12655
3689,1505,2023-06-24,1183,0,11472
3690,1505,2023-07-24,709,0,10763
3691,1506,2022-12-29,617,0,48864
3692,1506,2023-01-28,1323,0,47541
3693,1506,2023-02-27,1252,0,46289
3694,1506,2023-03-29,1431,5,44858
3695,1506,2023-04-28,1499,0,43359
3696,1506,2023-05-28,1175,0,42184
3697,1506,2023-06-27,1052,0,41132
3698,1506,2023-07-27,1337,0,39795
3699,1506,2023-08-26,1126,0,38669
3700,1507,2022-08-28,1069,0,12433
3701,1507,2022-09-27,495,0,11938
3702,1507,2022-10-27,770,0,11168
3703,1507,2022-11-26,1416,60,9752
3704,1507,2022-12-26,874,0,8878
3705,1507,2023-01-25,584,0,8294
3706,1507,2023-02-24,671,30,7623
3707,1507,2023-03-26,601,0,7022
3708,1507,2023-04-25,1243,0,5779
3709,1507,2023-05-25,1133,0,4646
3710,1507,2023-06-24,512,0,4134
3711,1507,2023-07-24,399,0,3735
3712,1508,2021-08-08,977,0,4568
3713,1508,2021-09-07,411,0,4157
3714,1508,2021-10-07,896,0,3261
3715,1508,2021-11-06,1114,0,2147
3716,1508,2021-12-06,754,0,1393
3717,1508,2022-01-05,833,0,560
3718,1509,2021-06-04,841,0,41273
3719,1509,2021-07-04,917,60,40356
3720,1509,2021-08-03,1141,0,39215
3721,1509,2021-09-02,1138,0,38077
3722,1509,2021-10-02,345,0,37732
3723,1509,2021-11-01,1299,0,36433
3724,1509,2021-12-01,634,0,35799
3725,1509,2021-12-31,987,0,34812
3726,1509,2022-01-30,1407,0,33405
3727,1509,2022-03-01,1457,0,31948
3728,1509,2022-03-31,618,15,31330
3729,1509,2022-04-30,667,0,30663
3730,1510,2021-06-29,762,0,33668
3731,1510,2021-07-29,835,0,32833
3732,1510,2021-08-28,1393,0,31440
3733,1510,2021-09-27,1412,15,30028
3734,1510,2021-10-27,516,0,29512
3735,1510,2021-11-26,1464,0,28048
3736,1510,2021-12-26,1475,0,26573
3737,1510,2022-01-25,909,0,25664
3738,1510,2022-02-24,447,0,25217
3739,1510,2022-03-26,869,0,24348
3740,1510,2022-04-25,1047,0,23301
3741,1510,2022-05-25,698,0,22603
3742,1511,2021-12-10,1247,0,13749
3743,1511,2022-01-09,806,0,12943
3744,1511,2022-02-08,460,0,12483
3745,1511,2022-03-10,1429,0,11054
3746,1512,2022-08-23,1003,0,31785
3747,1512,2022-09-22,1084,0,30701
3748,1512,2022-10-22,430,0,30271
3749,1512,2022-11-21,835,0,29436
3750,1512,2022-12-21,1040,0,28396
3751,1512,2023-01-20,887,0,27509
3752,1512,2023-02-19,1242,0,26267
3753,1513,2022-01-07,374,0,34595
3754,1513,2022-02-06,603,0,33992
3755,1513,2022-03-08,1085,60,32907
3756,1513,2022-04-07,1286,0,31621
3757,1513,2022-05-07,567,0,31054
3758,1513,2022-06-06,553,0,30501
3759,1513,2022-07-06,386,0,30115
3760,1514,2021-12-01,521,0,18398
3761,1514,2021-12-31,1237,0,17161
3762,1514,2022-01-30,1145,0,16016
3763,1514,2022-03-01,610,0,15406
3764,1514,2022-03-31,334,0,15072
3765,1514,2022-04-30,1315,0,13757
3766,1515,2022-12-23,389,0,8421
3767,1515,2023-01-22,1281,0,7140
3768,1515,2023-02-21,780,0,6360
3769,1515,2023-03-23,351,0,6009
3770,1515,2023-04-22,998,0,5011
3771,1515,2023-05-22,769,60,4242
3772,1515,2023-06-21,726,0,3516
3773,1516,2022-12-13,814,0,34772
3774,1516,2023-01-12,688,0,34084
3775,1516,2023-02-11,1389,0,32695
3776,1516,2023-03-13,624,0,32071
3777,1516,2023-04-12,1356,0,30715
3778,1517,2023-05-18,727,5,44247
3779,1517,2023-06-17,515,0,43732
3780,1517,2023-07-17,860,0,42872
3781,1517,2023-08-16,906,0,41966
3782,1517,2023-09-15,478,0,41488
3783,1517,2023-10-15,1175,0,40313
3784,1517,2023-11-14,1268,15,39045
3785,1518,2023-03-24,756,0,46017
3786,1518,2023-04-23,371,0,45646
3787,1518,2023-05-23,872,0,44774
3788,1518,2023-06-22,753,0,44021
3789,1518,2023-07-22,1268,0,42753
3790,1518,2023-08-21,303,0,42450
3791,1518,2023-09-20,1206,0,41244
3792,1519,2021-03-25,824,0,20547
3793,1519,2021-04-24,1074,0,19473
3794,1519,2021-05-24,1353,0,18120
3795,1519,2021-06-23,1479,0,16641
3796,1520,2022-04-19,1200,0,33429
3797,1520,2022-05-19,467,15,32962
3798,1520,2022-06-18,906,30,32056
3799,1520,2022-07-18,1494,15,30562
3800,1520,2022-08-17,1477,0,29085
3801,1520,2022-09-16,1324,0,27761
3802,1520,2022-10-16,1430,15,26331
3803,1520,2022-11-15,1453,0,24878
3804,1520,2022-12-15,851,0,24027
3805,1521,2022-10-05,1303,0,12133
3806,1521,2022-11-04,1070,0,11063
3807,1521,2022-12-04,1389,0,9674
3808,1521,2023-01-03,758,0,8916
3809,1521,2023-02-02,925,0,7991
3810,1521,2023-03-04,1239,0,6752
3811,1521,2023-04-03,454,0,6298
3812,1522,2021-10-21,841,0,17143
3813,1522,2021-11-20,493,0,16650
3814,1522,2021-12-20,1184,0,15466
3815,1522,2022-01-19,1238,0,14228
3816,1522,2022-02-18,1241,0,12987
3817,1523,2021-03-24,1070,0,36969
3818,1523,2021-04-23,672,0,36297
3819,1523,2021-05-23,1134,0,35163
3820,1523,2021-06-22,437,0,34726
3821,1523,2021-07-22,1113,0,33613
3822,1523,2021-08-21,743,0,32870
3823,1524,2022-08-25,710,0,24185
3824,1524,2022-09-24,752,0,23433
3825,1524,2022-10-24,1294,0,22139
3826,1524,2022-11-23,350,0,21789
3827,1524,2022-12-23,509,0,21280
3828,1524,2023-01-22,1292,30,19988
3829,1524,2023-02-21,926,0,19062
3830,1524,2023-03-23,1076,0,17986
3831,1524,2023-04-22,567,0,17419
3832,1524,2023-05-22,1053,0,16366
3833,1524,2023-06-21,1363,0,15003
3834,1524,2023-07-21,1202,0,13801
3835,1525,2022-10-12,557,0,22598
3836,1525,2022-11-11,391,0,22207
3837,1525,2022-12-11,448,0,21759
3838,1525,2023-01-10,864,0,20895
3839,1526,2021-02-04,1073,0,14543
3840,1526,2021-03-06,533,0,14010
3841,1526,2021-04-05,496,0,13514
3842,1526,2021-05-05,1013,5,12501
3843,1526,2021-06-04,522,0,11979
3844,1526,2021-07-04,829,0,11150
3845,1526,2021-08-03,556,0,10594
3846,1526,2021-09-02,890,0,9704
3847,1526,2021-10-02,873,0,8831
3848,1526,2021-11-01,640,30,8191
3849,1526,2021-12-01,1291,0,6900
3850,1527,2021-05-13,338,0,41791
3851,1527,2021-06-12,449,60,41342
3852,1527,2021-07-12,1112,0,40230
3853,1527,2021-08-11,518,0,39712
3854,1527,2021-09-10,1446,5,38266
3855,1527,2021-10-10,886,0,37380
3856,1528,2021-08-14,1214,0,43623
3857,1528,2021-09-13,765,15,42858
3858,1528,2021-10-13,1129,0,41729
3859,1529,2023-03-15,355,0,29219
3860,1529,2023-04-14,1345,0,27874
3861,1529,2023-05-14,821,0,27053
3862,1529,2023-06-13,1361,0,25692
3863,1529,2023-07-13,1479,0,24213
3864,1530,2023-06-26,1390,0,7040
3865,1530,2023-07-26,1173,30,5867
3866,1530,2023-08-25,960,0,4907
3867,1531,2023-07-03,368,0,17308
3868,1531,2023-08-02,619,0,16689
3869,1531,2023-09-01,1483,0,15206
3870,1531,2023-10-01,1458,0,13748
3871,1531,2023-10-31,1298,0,12450
3872,1532,2022-01-15,493,0,15323
3873,1532,2022-02-14,1277,0,14046
3874,1532,2022-03-16,821,0,13225
3875,1532,2022-04-15,1100,15,12125
3876,1532,2022-05-15,1113,0,11012
3877,1532,2022-06-14,571,5,10441
3878,1532,2022-07-14,432,0,10009
3879,1532,2022-08-13,1297,0,8712
3880,1532,2022-09-12,916,0,7796
3881,1532,2022-10-12,888,0,6908
3882,1533,2021-03-18,866,0,36867
3883,1533,2021-04-17,1203,0,35664
3884,1533,2021-05-17,384,5,35280
3885,1533,2021-06-16,926,0,34354
3886,1533,2021-07-16,592,0,33762
3887,1533,2021-08-15,1086,15,32676
3888,1533,2021-09-14,1442,0,31234
3889,1533,2021-10-14,432,0,30802
3890,1533,2021-11-13,945,15,29857
3891,1533,2021-12-13,815,0,29042
3892,1533,2022-01-12,1259,0,27783
3893,1533,2022-02-11,1232,0,26551
3894,1534,2023-06-16,979,0,24165
3895,1534,2023-07-16,1328,0,22837
3896,1534,2023-08-15,1404,0,21433
3897,1534,2023-09-14,792,15,20641
3898,1534,2023-10-14,1291,0,19350
3899,1534,2023-11-13,924,0,18426
3900,1534,2023-12-13,1253,60,17173
3901,1534,2024-01-12,1054,5,16119
3902,1534,2024-02-11,309,0,15810
3903,1534,2024-03-12,861,0,14949
3904,1534,2024-04-11,812,0,14137
3905,1534,2024-05-11,1361,0,12776
3906,1535,2023-05-03,366,0,6684
3907,1535,2023-06-02,667,0,6017
3908,1535,2023-07-02,1020,5,4997
3909,1535,2023-08-01,1207,0,3790
3910,1535,2023-08-31,414,0,3376
3911,1535,2023-09-30,737,0,2639
3912,1535,2023-10-30,438,30,2201
3913,1535,2023-11-29,1145,0,1056
3914,1535,2023-12-29,1056,0,0
3915,1536,2023-04-30,783,0,48677
3916,1536,2023-05-30,1092,0,47585
3917,1536,2023-06-29,1224,0,46361
3918,1536,2023-07-29,817,0,45544
3919,1536,2023-08-28,722,0,44822
3920,1536,2023-09-27,531,0,44291
3921,1536,2023-10-27,364,0,43927
3922,1536,2023-11-26,1100,0,42827
3923,1536,2023-12-26,665,30,42162
3924,1537,2022-11-17,727,60,38206
3925,1537,2022-12-17,885,0,37321
3926,1537,2023-01-16,1247,0,36074
3927,1537,2023-02-15,620,0,35454
3928,1537,2023-03-17,1216,30,34238
3929,1537,2023-04-16,1258,0,32980
3930,1537,2023-05-16,370,0,32610
3931,1537,2023-06-15,886,15,31724
3932,1537,2023-07-15,667,0,31057
3933,1538,2021-10-26,1287,0,28664
3934,1538,2021-11-25,559,0,28105
3935,1538,2021-12-25,457,0,27648
3936,1538,2022-01-24,398,5,27250
3937,1538,2022-02-23,501,0,26749
3938,1539,2022-02-04,1419,0,35994
3939,1539,2022-03-06,878,60,35116
3940,1539,2022-04-05,826,0,34290
3941,1539,2022-05-05,1085,0,33205
3942,1539,2022-06-04,752,15,32453
3943,1539,2022-07-04,1115,0,31338
3944,1539,2022-08-03,730,0,30608
3945,1540,2022-10-28,1407,0,38394
3946,1540,2022-11-27,435,0,37959
3947,1540,2022-12-27,818,0,37141
3948,1540,2023-01-26,425,0,36716
3949,1541,2021-05-16,373,0,37540
3950,1541,2021-06-15,381,0,37159
3951,1541,2021-07-15,1290,5,35869
3952,1541,2021-08-14,577,0,35292
3953,1541,2021-09-13,523,0,34769
3954,1541,2021-10-13,905,0,33864
3955,1541,2021-11-12,396,60,33468
3956,1542,2022-12-01,1438,0,44162
3957,1542,2022-12-31,362,0,43800
3958,1542,2023-01-30,525,0,43275
3959,1542,2023-03-01,330,30,42945
3960,1543,2022-11-20,1136,0,29144
3961,1543,2022-12-20,460,5,28684
3962,1543,2023-01-19,413,0,28271
3963,1543,2023-02-18,1254,0,27017
3964,1543,2023-03-20,468,0,26549
3965,1543,2023-04-19,541,0,26008
3966,1543,2023-05-19,396,0,25612
3967,1543,2023-06-18,1380,0,24232
3968,1543,2023-07-18,842,0,23390
3969,1543,2023-08-17,1461,0,21929
3970,1544,2022-11-18,1029,0,28528
3971,1544,2022-12-18,916,0,27612
3972,1544,2023-01-17,1450,0,26162
3973,1544,2023-02-16,1338,0,24824
3974,1544,2023-03-18,1164,0,23660
3975,1544,2023-04-17,792,0,22868
3976,1544,2023-05-17,1072,0,21796
3977,1544,2023-06-16,751,0,21045
3978,1544,2023-07-16,1147,15,19898
3979,1544,2023-08-15,1183,0,18715
3980,1545,2021-05-30,1088,15,39312
3981,1545,2021-06-29,1362,0,37950
3982,1545,2021-07-29,420,0,37530
3983,1546,2023-05-11,1027,0,8467
3984,1546,2023-06-10,903,0,7564
3985,1546,2023-07-10,839,5,6725
3986,1546,2023-08-09,731,0,5994
3987,1546,2023-09-08,862,15,5132
3988,1546,2023-10-08,1397,5,3735
3989,1546,2023-11-07,1010,0,2725
3990,1546,2023-12-07,311,0,2414
3991,1547,2023-03-28,752,0,19400
3992,1547,2023-04-27,347,0,19053
3993,1547,2023-05-27,1442,0,17611
3994,1548,2022-09-26,1359,0,27536
3995,1548,2022-10-26,1214,0,26322
3996,1548,2022-11-25,702,30,25620
3997,1548,2022-12-25,880,0,24740
3998,1549,2021-03-29,1242,0,12913
3999,1549,2021-04-28,1449,30,11464
4000,1549,2021-05-28,1405,0,10059
4001,1549,2021-06-27,333,0,9726
4002,1549,2021-07-27,348,0,9378
4003,1550,2022-01-11,408,15,36475
4004,1550,2022-02-10,323,0,36152
4005,1550,2022-03-12,614,0,35538
4006,1550,2022-04-11,1333,0,34205
4007,1550,2022-05-11,1317,5,32888
4008,1550,2022-06-10,387,0,32501
4009,1550,2022-07-10,1471,0,31030
4010,1550,2022-08-09,730,0,30300
4011,1550,2022-09-08,1210,0,29090
4012,1550,2022-10-08,541,0,28549
4013,1550,2022-11-07,1040,0,27509
4014,1551,2023-02-10,687,15,47507
4015,1551,2023-03-12,508,0,46999
4016,1551,2023-04-11,1285,0,45714
4017,1551,2023-05-11,666,60,45048
4018,1551,2023-06-10,739,0,44309
4019,1551,2023-07-10,1359,0,42950
4020,1551,2023-08-09,907,0,42043
4021,1551,2023-09-08,975,0,41068
4022,1551,2023-10-08,442,0,40626
4023,1551,2023-11-07,537,0,40089
4024,1551,2023-12-07,1446,60,38643
4025,1551,2024-01-06,641,0,38002
4026,1552,2022-05-19,581,0,47420
4027,1552,2022-06-18,1022,0,46398
4028,1552,2022-07-18,386,0,46012
4029,1552,2022-08-17,360,0,45652
4030,1552,2022-09-16,1085,0,44567
4031,1552,2022-10-16,1260,0,43307
4032,1552,2022-11-15,993,0,42314
4033,1552,2022-12-15,698,0,41616
4034,1552,2023-01-14,833,0,40783
4035,1553,2021-05-27,591,0,6237
4036,1553,2021-06-26,1225,0,5012
4037,1553,2021-07-26,1038,0,3974
4038,1553,2021-08-25,1064,0,2910
4039,1554,2023-05-10,1023,0,45875
4040,1554,2023-06-09,1037,0,44838
4041,1554,2023-07-09,866,15,43972
4042,1554,2023-08-08,639,0,43333
4043,1554,2023-09-07,1303,0,42030
4044,1555,2023-04-01,503,0,36620
4045,1555,2023-05-01,1249,15,35371
4046,1555,2023-05-31,1238,30,34133
4047,1555,2023-06-30,1193,5,32940
4048,1555,2023-07-30,670,60,32270
4049,1555,2023-08-29,548,0,31722
4050,1555,2023-09-28,1002,0,30720
4051,1555,2023-10-28,377,0,30343
4052,1555,2023-11-27,635,60,29708
4053,1556,2021-06-06,994,0,41579
4054,1556,2021-07-06,616,0,40963
4055,1556,2021-08-05,1062,0,39901
4056,1556,2021-09-04,1304,0,38597
4057,1556,2021-10-04,1098,60,37499
4058,1556,2021-11-03,1216,0,36283
4059,1556,2021-12-03,1378,0,34905
4060,1556,2022-01-02,984,0,33921
4061,1556,2022-02-01,507,0,33414
4062,1557,2022-02-27,384,0,5422
4063,1557,2022-03-29,1171,0,4251
4064,1557,2022-04-28,895,5,3356
4065,1557,2022-05-28,1456,0,1900
4066,1557,2022-06-27,649,0,1251
4067,1557,2022-07-27,1251,0,0
4068,1558,2022-11-02,704,0,45266
4069,1558,2022-12-02,1000,60,44266
4070,1558,2023-01-01,325,0,43941
4071,1558,2023-01-31,694,0,43247
4072,1558,2023-03-02,822,0,42425
4073,1558,2023-04-01,1406,0,41019
4074,1558,2023-05-01,386,0,40633
4075,1558,2023-05-31,686,0,39947
4076,1558,2023-06-30,585,0,39362
4077,1559,2021-03-29,668,0,34089
4078,1559,2021-04-28,953,30,33136
4079,1559,2021-05-28,1323,0,31813
4080,1559,2021-06-27,587,0,31226
4081,1559,2021-07-27,340,0,30886
4082,1559,2021-08-26,1478,0,29408
4083,1559,2021-09-25,478,0,28930
4084,1560,2022-10-26,1066,0,38570
4085,1560,2022-11-25,542,0,38028
4086,1560,2022-12-25,825,0,37203
4087,1560,2023-01-24,707,0,36496
4088,1560,2023-02-23,990,0,35506
4089,1560,2023-03-25,746,0,34760
4090,1560,2023-04-24,1317,0,33443
4091,1560,2023-05-24,411,0,33032
4092,1560,2023-06-23,675,0,32357
4093,1560,2023-07-23,803,0,31554
4094,1560,2023-08-22,1326,0,30228
4095,1561,2022-06-27,341,0,19220
4096,1561,2022-07-27,1118,0,18102
4097,1561,2022-08-26,1465,0,16637
4098,1561,2022-09-25,1350,0,15287
4099,1561,2022-10-25,897,0,14390
4100,1561,2022-11-24,1235,0,13155
4101,1562,2023-02-20,320,0,28942
4102,1562,2023-03-22,756,0,28186
4103,1562,2023-04-21,1313,5,26873
4104,1562,2023-05-21,483,0,26390
4105,1562,2023-06-20,1396,0,24994
4106,1562,2023-07-20,1392,0,23602
4107,1563,2023-04-12,1022,0,18877
4108,1563,2023-05-12,1174,0,17703
4109,1563,2023-06-11,383,0,17320
4110,1563,2023-07-11,522,0,16798
4111,1563,2023-08-10,704,0,16094
4112,1563,2023-09-09,725,30,15369
4113,1563,2023-10-09,907,60,14462
4114,1563,2023-11-08,924,0,13538
4115,1564,2021-05-06,1219,0,19715
4116,1564,2021-06-05,1483,0,18232
4117,1564,2021-07-05,1484,15,16748
4118,1564,2021-08-04,1469,0,15279
4119,1564,2021-09-03,990,15,14289
4120,1564,2021-10-03,1034,0,13255
4121,1564,2021-11-02,670,0,12585
4122,1565,2022-10-30,691,0,42506
4123,1565,2022-11-29,790,0,41716
4124,1565,2022-12-29,1366,0,40350
4125,1565,2023-01-28,1354,0,38996
4126,1565,2023-02-27,427,0,38569
4127,1565,2023-03-29,740,0,37829
4128,1565,2023-04-28,823,0,37006
4129,1565,2023-05-28,1059,0,35947
4130,1565,2023-06-27,462,0,35485
4131,1566,2021-05-28,698,0,46146
4132,1566,2021-06-27,538,0,45608
4133,1566,2021-07-27,1355,0,44253
4134,1566,2021-08-26,409,0,43844
4135,1566,2021-09-25,599,0,43245
4136,1566,2021-10-25,1301,0,41944
4137,1566,2021-11-24,548,0,41396
4138,1566,2021-12-24,527,0,40869
4139,1566,2022-01-23,1257,0,39612
4140,1567,2022-08-13,869,0,40463
4141,1567,2022-09-12,1086,0,39377
4142,1567,2022-10-12,374,0,39003
4143,1567,2022-11-11,373,0,38630
4144,1567,2022-12-11,1321,0,37309
4145,1567,2023-01-10,814,0,36495
4146,1567,2023-02-09,870,0,35625
4147,1567,2023-03-11,875,0,34750
4148,1567,2023-04-10,1465,0,33285
4149,1567,2023-05-10,506,0,32779
4150,1568,2022-09-23,1057,0,38100
4151,1568,2022-10-23,862,0,37238
4152,1568,2022-11-22,1195,0,36043
4153,1568,2022-12-22,1348,0,34695
4154,1568,2023-01-21,368,15,34327
4155,1568,2023-02-20,539,0,33788
4156,1568,2023-03-22,1354,15,32434
4157,1568,2023-04-21,1006,0,31428
4158,1568,2023-05-21,956,0,30472
4159,1568,2023-06-20,643,0,29829
4160,1568,2023-07-20,654,0,29175
4161,1568,2023-08-19,1282,0,27893
4162,1569,2022-06-02,1261,0,15332
4163,1569,2022-07-02,1408,15,13924
4164,1569,2022-08-01,534,0,13390
4165,1569,2022-08-31,1329,0,12061
4166,1569,2022-09-30,1177,0,10884
4167,1570,2021-09-24,1266,0,43776
4168,1570,2021-10-24,1196,0,42580
4169,1570,2021-11-23,516,0,42064
4170,1570,2021-12-23,991,0,41073
4171,1570,2022-01-22,624,0,40449
4172,1570,2022-02-21,1468,0,38981
4173,1570,2022-03-23,953,5,38028
4174,1570,2022-04-22,691,0,37337
4175,1570,2022-05-22,1068,0,36269
4176,1570,2022-06-21,464,0,35805
4177,1571,2023-07-04,423,0,21897
4178,1571,2023-08-03,823,0,21074
4179,1571,2023-09-02,1458,0,19616
4180,1571,2023-10-02,1037,0,18579
4181,1571,2023-11-01,572,0,18007
4182,1571,2023-12-01,321,0,17686
4183,1571,2023-12-31,1174,0,16512
4184,1572,2023-07-16,1057,0,31319
4185,1572,2023-08-15,962,0,30357
4186,1572,2023-09-14,675,0,29682
4187,1572,2023-10-14,602,0,29080
4188,1573,2021-10-29,1007,0,47506
4189,1573,2021-11-28,556,0,46950
4190,1573,2021-12-28,350,0,46600
4191,1573,2022-01-27,1126,0,45474
4192,1573,2022-02-26,935,0,44539
4193,1573,2022-03-28,1372,0,43167
4194,1573,2022-04-27,1441,30,41726
4195,1573,2022-05-27,1272,30,40454
4196,1573,2022-06-26,696,0,39758
4197,1574,2021-08-07,1420,0,17779
4198,1574,2021-09-06,984,0,16795
4199,1574,2021-10-06,485,0,16310
4200,1574,2021-11-05,514,0,15796
4201,1574,2021-12-05,328,0,15468
4202,1574,2022-01-04,353,0,15115
4203,1574,2022-02-03,1440,0,13675
4204,1574,2022-03-05,413,0,13262
4205,1574,2022-04-04,975,0,12287
4206,1575,2023-01-04,591,0,20285
4207,1575,2023-02-03,863,0,19422
4208,1575,2023-03-05,678,0,18744
4209,1575,2023-04-04,523,0,18221
4210,1575,2023-05-04,956,0,17265
4211,1575,2023-06-03,852,60,16413
4212,1575,2023-07-03,1305,0,15108
4213,1576,2022-04-22,1258,0,11987
4214,1576,2022-05-22,920,0,11067
4215,1576,2022-06-21,1176,0,9891
4216,1576,2022-07-21,855,0,9036
4217,1577,2022-09-03,505,0,11709
4218,1577,2022-10-03,1397,0,10312
4219,1577,2022-11-02,884,30,9428
4220,1577,2022-12-02,478,0,8950
4221,1577,2023-01-01,412,30,8538
4222,1578,2023-03-31,1120,0,4606
4223,1578,2023-04-30,1353,0,3253
4224,1578,2023-05-30,1415,0,1838
4225,1578,2023-06-29,406,0,1432
4226,1578,2023-07-29,1290,0,142
4227,1578,2023-08-28,142,0,0
4228,1579,2023-06-10,1217,15,15145
4229,1579,2023-07-10,926,0,14219
4230,1579,2023-08-09,643,0,13576
4231,1580,2021-10-04,330,0,22967
4232,1580,2021-11-03,326,5,22641
4233,1580,2021-12-03,1420,0,21221
4234,1580,2022-01-02,775,30,20446
4235,1580,2022-02-01,586,0,19860
4236,1580,2022-03-03,511,0,19349
4237,1580,2022-04-02,954,0,18395
4238,1581,2021-04-16,397,5,35051
4239,1581,2021-05-16,762,0,34289
4240,1581,2021-06-15,572,0,33717
4241,1581,2021-07-15,501,0,33216
4242,1581,2021-08-14,749,30,32467
4243,1581,2021-09-13,318,0,32149
4244,1582,2021-07-03,610,0,30562
4245,1582,2021-08-02,923,0,29639
4246,1582,2021-09-01,797,0,28842
4247,1583,2022-11-17,814,5,47060
4248,1583,2022-12-17,693,0,46367
4249,1583,2023-01-16,1017,0,45350
4250,1584,2022-04-10,688,5,11969
4251,1584,2022-05-10,533,0,11436
4252,1584,2022-06-09,1011,5,10425
4253,1584,2022-07-09,1156,0,9269
4254,1584,2022-08-08,948,60,8321
4255,1584,2022-09-07,1129,0,7192
4256,1584,2022-10-07,1383,0,5809
4257,1584,2022-11-06,918,0,4891
4258,1584,2022-12-06,801,0,4090
4259,1584,2023-01-05,352,15,3738
4260,1585,2021-04-26,343,0,23507
4261,1585,2021-05-26,958,0,22549
4262,1585,2021-06-25,346,0,22203
4263,1585,2021-07-25,1347,0,20856
4264,1585,2021-08-24,1497,0,19359
4265,1585,2021-09-23,1034,0,18325
4266,1585,2021-10-23,1318,0,17007
4267,1585,2021-11-22,1382,0,15625
4268,1585,2021-12-22,725,0,14900
4269,1586,2022-12-28,759,0,29666
4270,1586,2023-01-27,1425,0,28241
4271,1586,2023-02-26,1047,0,27194
4272,1586,2023-03-28,608,0,26586
4273,1586,2023-04-27,1304,5,25282
4274,1586,2023-05-27,934,0,24348
4275,1586,2023-06-26,1393,0,22955
4276,1586,2023-07-26,832,0,22123
4277,1587,2021-11-11,550,0,31135
4278,1587,2021-12-11,988,5,30147
4279,1587,2022-01-10,401,60,29746
4280,1588,2021-09-07,1469,0,28109
4281,1588,2021-10-07,1325,0,26784
4282,1588,2021-11-06,1326,30,25458
4283,1588,2021-12-06,476,0,24982
4284,1588,2022-01-05,776,0,24206
4285,1588,2022-02-04,519,0,23687
4286,1588,2022-03-06,1035,0,22652
4287,1589,2021-04-09,1060,0,32771
4288,1589,2021-05-09,1436,0,31335
4289,1589,2021-06-08,1229,0,30106
4290,1590,2021-03-18,787,5,12119
4291,1590,2021-04-17,612,0,11507
4292,1590,2021-05-17,1303,0,10204
4293,1590,2021-06-16,313,0,9891
4294,1590,2021-07-16,1337,0,8554
4295,1590,2021-08-15,556,15,7998
4296,1590,2021-09-14,888,0,7110
4297,1590,2021-10-14,436,30,6674
4298,1590,2021-11-13,1053,0,5621
4299,1591,2021-05-04,549,0,11738
4300,1591,2021-06-03,577,60,11161
4301,1591,2021-07-03,1045,60,10116
4302,1591,2021-08-02,1268,0,8848
4303,1591,2021-09-01,480,0,8368
4304,1591,2021-10-01,1097,0,7271
4305,1592,2023-02-19,852,0,37808
4306,1592,2023-03-21,574,30,37234
4307,1592,2023-04-20,385,0,36849
4308,1592,2023-05-20,491,0,36358
4309,1592,2023-06-19,1354,5,35004
4310,1592,2023-07-19,406,0,34598
4311,1592,2023-08-18,575,0,34023
4312,1593,2022-04-28,855,0,14367
4313,1593,2022-05-28,866,0,13501
4314,1593,2022-06-27,428,0,13073
4315,1593,2022-07-27,530,0,12543
4316,1593,2022-08-26,1162,0,11381
4317,1593,2022-09-25,654,0,10727
4318,1593,2022-10-25,445,0,10282
4319,1593,2022-11-24,1356,0,8926
4320,1594,2021-08-22,564,30,41879
4321,1594,2021-09-21,691,0,41188
4322,1594,2021-10-21,887,0,40301
4323,1594,2021-11-20,1412,0,38889
4324,1594,2021-12-20,1493,0,37396
4325,1594,2022-01-19,1349,15,36047
4326,1595,2021-09-05,1190,0,38511
4327,1595,2021-10-05,705,0,37806
4328,1595,2021-11-04,663,0,37143
4329,1595,2021-12-04,850,0,36293
4330,1595,2022-01-03,1088,0,35205
4331,1595,2022-02-02,1115,0,34090
4332,1595,2022-03-04,760,0,33330
4333,1595,2022-04-03,532,0,32798
4334,1595,2022-05-03,957,0,31841
4335,1595,2022-06-02,1457,0,30384
4336,1596,2022-05-19,1224,0,21540
4337,1596,2022-06-18,1187,5,20353
4338,1596,2022-07-18,1155,15,19198
4339,1596,2022-08-17,733,30,18465
4340,1596,2022-09-16,333,0,18132
4341,1596,2022-10-16,905,0,17227
4342,1596,2022-11-15,1015,0,16212
4343,1596,2022-12-15,647,5,15565
4344,1596,2023-01-14,1499,0,14066
4345,1596,2023-02-13,697,0,13369
4346,1597,2022-04-07,1201,0,48440
4347,1597,2022-05-07,1031,0,47409
4348,1597,2022-06-06,1343,0,46066
4349,1597,2022-07-06,1255,0,44811
4350,1597,2022-08-05,1123,0,43688
4351,1597,2022-09-04,1240,0,42448
4352,1597,2022-10-04,835,0,41613
4353,1597,2022-11-03,879,0,40734
4354,1598,2022-01-06,1249,0,21425
4355,1598,2022-02-05,1372,0,20053
4356,1598,2022-03-07,428,0,19625
4357,1598,2022-04-06,334,0,19291
4358,1598,2022-05-06,376,0,18915
4359,1598,2022-06-05,825,0,18090
4360,1599,2022-08-04,537,0,22487
4361,1599,2022-09-03,437,0,22050
4362,1599,2022-10-03,1465,0,20585
4363,1599,2022-11-02,979,0,19606
4364,1599,2022-12-02,1138,0,18468
4365,1600,2022-10-04,1146,0,27728
4366,1600,2022-11-03,1148,0,26580
4367,1600,2022-12-03,1469,0,25111
4368,1600,2023-01-02,439,0,24672
4369,1601,2021-11-15,1395,0,47247
4370,1601,2021-12-15,429,0,46818
4371,1601,2022-01-14,524,60,46294
4372,1601,2022-02-13,1282,0,45012
4373,1601,2022-03-15,406,0,44606
4374,1601,2022-04-14,1426,0,43180
4375,1601,2022-05-14,1457,0,41723
4376,1601,2022-06-13,809,0,40914
4377,1601,2022-07-13,1193,0,39721
4378,1601,2022-08-12,549,0,39172
4379,1601,2022-09-11,898,0,38274
4380,1601,2022-10-11,899,0,37375
4381,1602,2021-10-11,471,0,36813
4382,1602,2021-11-10,693,0,36120
4383,1602,2021-12-10,533,0,35587
4384,1602,2022-01-09,351,0,35236
4385,1602,2022-02-08,740,0,34496
4386,1602,2022-03-10,995,0,33501
4387,1603,2023-02-03,1125,0,21477
4388,1603,2023-03-05,1429,0,20048
4389,1603,2023-04-04,777,0,19271
4390,1603,2023-05-04,414,0,18857
4391,1603,2023-06-03,356,0,18501
4392,1604,2022-01-22,1456,0,41328
4393,1604,2022-02-21,1400,30,39928
4394,1604,2022-03-23,1017,0,38911
4395,1604,2022-04-22,833,0,38078
4396,1604,2022-05-22,1477,15,36601
4397,1604,2022-06-21,816,0,35785
4398,1604,2022-07-21,337,60,35448
4399,1604,2022-08-20,1046,0,34402
4400,1604,2022-09-19,747,0,33655
4401,1604,2022-10-19,424,0,33231
4402,1605,2021-02-22,1083,60,27182
4403,1605,2021-03-24,525,0,26657
4404,1605,2021-04-23,592,0,26065
4405,1605,2021-05-23,1055,0,25010
4406,1605,2021-06-22,1068,0,23942
4407,1605,2021-07-22,1306,15,22636
4408,1605,2021-08-21,1375,0,21261
4409,1605,2021-09-20,866,15,20395
4410,1605,2021-10-20,901,0,19494
4411,1605,2021-11-19,1204,0,18290
4412,1605,2021-12-19,1461,0,16829
4413,1606,2023-03-03,1318,0,29613
4414,1606,2023-04-02,1278,15,28335
4415,1606,2023-05-02,1082,0,27253
4416,1606,2023-06-01,1479,0,25774
4417,1607,2022-07-06,437,5,33404
4418,1607,2022-08-05,1012,0,32392
4419,1607,2022-09-04,1086,0,31306
4420,1607,2022-10-04,853,0,30453
4421,1607,2022-11-03,1457,0,28996
4422,1607,2022-12-03,1109,0,27887
4423,1607,2023-01-02,1332,0,26555
4424,1607,2023-02-01,589,15,25966
4425,1607,2023-03-03,1468,0,24498
4426,1607,2023-04-02,887,30,23611
4427,1607,2023-05-02,756,0,22855
4428,1607,2023-06-01,345,0,22510
4429,1608,2023-02-27,1446,0,32746
4430,1608,2023-03-29,936,0,31810
4431,1608,2023-04-28,892,0,30918
4432,1608,2023-05-28,690,0,30228
4433,1609,2023-05-17,1046,0,46474
4434,1609,2023-06-16,1105,5,45369
4435,1609,2023-07-16,1251,0,44118
4436,1609,2023-08-15,563,0,43555
4437,1609,2023-09-14,606,0,42949
4438,1609,2023-10-14,484,0,42465
4439,1609,2023-11-13,913,30,41552
4440,1609,2023-12-13,1110,0,40442
4441,1609,2024-01-12,951,60,39491
4442,1609,2024-02-11,1319,0,38172
4443,1610,2021-05-10,387,0,20198
4444,1610,2021-06-09,885,0,19313
4445,1610,2021-07-09,1096,0,18217
4446,1610,2021-08-08,1312,0,16905
4447,1610,2021-09-07,645,0,16260
4448,1610,2021-10-07,1401,0,14859
4449,1610,2021-11-06,435,5,14424
4450,1610,2021-12-06,1091,0,13333
4451,1610,2022-01-05,1004,0,12329
4452,1610,2022-02-04,1374,0,10955
4453,1610,2022-03-06,683,0,10272
4454,1611,2023-04-12,788,0,29771
4455,1611,2023-05-12,1180,0,28591
4456,1611,2023-06-11,931,0,27660
4457,1611,2023-07-11,832,0,26828
4458,1611,2023-08-10,1476,0,25352
4459,1611,2023-09-09,897,5,24455
4460,1611,2023-10-09,1435,0,23020
4461,1611,2023-11-08,1033,15,21987
4462,1611,2023-12-08,1494,0,20493
4463,1611,2024-01-07,512,0,19981
4464,1611,2024-02-06,923,0,19058
4465,1611,2024-03-07,1388,0,17670
4466,1612,2021-07-29,1197,0,43862
4467,1612,2021-08-28,740,5,43122
4468,1612,2021-09-27,1179,0,41943
4469,1612,2021-10-27,853,0,41090
4470,1612,2021-11-26,1412,15,39678
4471,1612,2021-12-26,1253,0,38425
4472,1612,2022-01-25,1390,0,37035
4473,1612,2022-02-24,398,0,36637
4474,1612,2022-03-26,600,0,36037
4475,1612,2022-04-25,787,0,35250
4476,1613,2021-09-10,1304,5,37438
4477,1613,2021-10-10,1400,5,36038
4478,1613,2021-11-09,1160,15,34878
4479,1614,2023-03-03,1421,0,7712
4480,1614,2023-04-02,529,0,7183
4481,1614,2023-05-02,307,60,6876
4482,1614,2023-06-01,494,0,6382
4483,1614,2023-07-01,653,0,5729
4484,1614,2023-07-31,763,0,4966
4485,1614,2023-08-30,1273,15,3693
4486,1614,2023-09-29,1158,5,2535
4487,1615,2022-11-20,1082,0,18581
4488,1615,2022-12-20,1072,60,17509
4489,1615,2023-01-19,395,0,17114
4490,1615,2023-02-18,839,5,16275
4491,1615,2023-03-20,879,5,15396
4492,1615,2023-04-19,1347,0,14049
4493,1616,2022-04-17,805,0,25949
4494,1616,2022-05-17,1032,0,24917
4495,1616,2022-06-16,813,0,24104
4496,1616,2022-07-16,573,5,23531
4497,1616,2022-08-15,826,0,22705
4498,1616,2022-09-14,578,30,22127
4499,1616,2022-10-14,363,0,21764
4500,1616,2022-11-13,363,0,21401
4501,1617,2022-09-30,1062,0,7910
4502,1617,2022-10-30,742,5,7168
4503,1617,2022-11-29,743,0,6425
4504,1617,2022-12-29,749,0,5676
4505,1617,2023-01-28,898,0,4778
4506,1617,2023-02-27,1484,15,3294
4507,1617,2023-03-29,692,0,2602
4508,1617,2023-04-28,349,0,2253
4509,1618,2023-03-10,1205,0,9090
4510,1618,2023-04-09,1290,0,7800
4511,1618,2023-05-09,687,0,7113
4512,1618,2023-06-08,1132,0,5981
4513,1618,2023-07-08,397,0,5584
4514,1618,2023-08-07,1362,5,4222
4515,1618,2023-09-06,478,0,3744
4516,1618,2023-10-06,1049,0,2695
4517,1618,2023-11-05,396,0,2299
4518,1618,2023-12-05,561,0,1738
4519,1618,2024-01-04,548,0,1190
4520,1619,2021-12-21,1285,0,45588
4521,1619,2022-01-20,800,15,44788
4522,1619,2022-02-19,1389,0,43399
4523,1619,2022-03-21,358,5,43041
4524,1619,2022-04-20,565,0,42476
4525,1619,2022-05-20,1197,0,41279
4526,1619,2022-06-19,1274,0,40005
4527,1620,2022-06-30,1217,0,32908
4528,1620,2022-07-30,390,0,32518
4529,1620,2022-08-29,1001,0,31517
4530,1620,2022-09-28,1021,0,30496
4531,1620,2022-10-28,1257,0,29239
4532,1620,2022-11-27,1059,0,28180
4533,1620,2022-12-27,442,0,27738
4534,1621,2021-02-15,343,0,45653
4535,1621,2021-03-17,327,0,45326
4536,1621,2021-04-16,790,0,44536
4537,1621,2021-05-16,317,0,44219
4538,1621,2021-06-15,971,0,43248
4539,1621,2021-07-15,723,0,42525
4540,1621,2021-08-14,1136,0,41389
4541,1622,2023-04-02,922,0,13981
4542,1622,2023-05-02,1213,0,12768
4543,1622,2023-06-01,559,0,12209
4544,1622,2023-07-01,473,0,11736
4545,1622,2023-07-31,714,0,11022
4546,1622,2023-08-30,1426,0,9596
4547,1622,2023-09-29,1388,0,8208
4548,1623,2022-01-01,1479,0,6541
4549,1623,2022-01-31,817,0,5724
4550,1623,2022-03-02,1278,0,4446
4551,1623,2022-04-01,889,0,3557
4552,1623,2022-05-01,983,0,2574
4553,1623,2022-05-31,362,0,2212
4554,1623,2022-06-30,491,0,1721
4555,1623,2022-07-30,370,0,1351
4556,1623,2022-08-29,1245,0,106
4557,1623,2022-09-28,106,5,0
4558,1624,2023-02-28,1210,0,45545
4559,1624,2023-03-30,483,0,45062
4560,1624,2023-04-29,623,0,44439
4561,1624,2023-05-29,921,15,43518
4562,1624,2023-06-28,1229,15,42289
4563,1624,2023-07-28,1383,0,40906
4564,1625,2021-10-15,335,15,25085
4565,1625,2021-11-14,397,15,24688
4566,1625,2021-12-14,837,30,23851
4567,1625,2022-01-13,379,0,23472
4568,1625,2022-02-12,913,15,22559
4569,1625,2022-03-14,722,5,21837
4570,1625,2022-04-13,875,0,20962
4571,1625,2022-05-13,631,60,20331
4572,1626,2022-06-11,1039,0,25413
4573,1626,2022-07-11,810,0,24603
4574,1626,2022-08-10,380,0,24223
4575,1626,2022-09-09,1434,0,22789
4576,1626,2022-10-09,805,0,21984
4577,1626,2022-11-08,1019,0,20965
4578,1626,2022-12-08,556,0,20409
4579,1626,2023-01-07,1253,0,19156
4580,1626,2023-02-06,1232,0,17924
4581,1626,2023-03-08,1196,5,16728
4582,1626,2023-04-07,750,0,15978
4583,1627,2023-07-15,1415,0,41586
4584,1627,2023-08-14,378,5,41208
4585,1627,2023-09-13,582,0,40626
4586,1627,2023-10-13,459,0,40167
4587,1627,2023-11-12,1479,0,38688
4588,1627,2023-12-12,767,0,37921
4589,1627,2024-01-11,761,0,37160
4590,1628,2021-07-09,663,0,13853
4591,1628,2021-08-08,765,0,13088
4592,1628,2021-09-07,959,15,12129
4593,1628,2021-10-07,1125,0,11004
4594,1628,2021-11-06,802,15,10202
4595,1628,2021-12-06,886,0,9316
4596,1628,2022-01-05,999,0,8317
4597,1628,2022-02-04,1134,60,7183
4598,1628,2022-03-06,657,0,6526
4599,1628,2022-04-05,921,0,5605
4600,1628,2022-05-05,1401,0,4204
4601,1628,2022-06-04,589,15,3615
4602,1629,2022-05-20,1105,0,6291
4603,1629,2022-06-19,617,30,5674
4604,1629,2022-07-19,1290,5,4384
4605,1629,2022-08-18,980,0,3404
4606,1629,2022-09-17,1329,0,2075
4607,1629,2022-10-17,431,0,1644
4608,1629,2022-11-16,1160,0,484
4609,1629,2022-12-16,484,0,0
4610,1630,2023-06-01,1002,0,22544
4611,1630,2023-07-01,586,0,21958
4612,1630,2023-07-31,749,0,21209
4613,1630,2023-08-30,742,0,20467
4614,1630,2023-09-29,1368,0,19099
4615,1630,2023-10-29,775,0,18324
4616,1630,2023-11-28,588,0,17736
4617,1630,2023-12-28,320,0,17416
4618,1631,2022-11-25,422,5,23707
4619,1631,2022-12-25,513,5,23194
4620,1631,2023-01-24,946,0,22248
4621,1631,2023-02-23,1029,0,21219
4622,1631,2023-03-25,339,5,20880
4623,1631,2023-04-24,1242,0,19638
4624,1631,2023-05-24,564,0,19074
4625,1631,2023-06-23,1162,0,17912
4626,1632,2022-12-21,808,0,5783
4627,1632,2023-01-20,1174,0,4609
4628,1632,2023-02-19,1456,0,3153
4629,1632,2023-03-21,1146,0,2007
4630,1632,2023-04-20,1338,0,669
4631,1632,2023-05-20,669,0,0
4632,1633,2022-12-06,318,0,15985
4633,1633,2023-01-05,1401,30,14584
4634,1633,2023-02-04,859,0,13725
4635,1633,2023-03-06,757,0,12968
4636,1634,2022-02-14,1283,30,34278
4637,1634,2022-03-16,328,0,33950
4638,1634,2022-04-15,1125,0,32825
4639,1634,2022-05-15,582,5,32243
4640,1634,2022-06-14,604,0,31639
4641,1634,2022-07-14,623,0,31016
4642,1634,2022-08-13,757,5,30259
4643,1634,2022-09-12,781,0,29478
4644,1634,2022-10-12,819,0,28659
4645,1634,2022-11-11,690,15,27969
4646,1634,2022-12-11,1212,0,26757
4647,1635,2022-07-29,857,0,10326
4648,1635,2022-08-28,1479,5,8847
4649,1635,2022-09-27,965,0,7882
4650,1635,2022-10-27,1404,0,6478
4651,1635,2022-11-26,594,0,5884
4652,1635,2022-12-26,944,0,4940
4653,1635,2023-01-25,387,60,4553
4654,1635,2023-02-24,410,0,4143
4655,1636,2022-12-22,1068,0,30504
4656,1636,2023-01-21,537,0,29967
4657,1636,2023-02-20,681,0,29286
4658,1636,2023-03-22,954,15,28332
4659,1636,2023-04-21,1008,5,27324
4660,1636,2023-05-21,1206,0,26118
4661,1636,2023-06-20,962,0,25156
4662,1636,2023-07-20,941,0,24215
4663,1636,2023-08-19,1154,30,23061
4664,1636,2023-09-18,1242,0,21819
4665,1636,2023-10-18,571,0,21248
4666,1637,2022-04-02,969,0,38111
4667,1637,2022-05-02,358,0,37753
4668,1637,2022-06-01,947,0,36806
4669,1637,2022-07-01,735,0,36071
4670,1637,2022-07-31,1277,0,34794
4671,1637,2022-08-30,544,0,34250
4672,1638,2022-10-05,1167,15,24528
4673,1638,2022-11-04,1113,0,23415
4674,1638,2022-12-04,464,0,22951
4675,1638,2023-01-03,1273,0,21678
4676,1638,2023-02-02,872,0,20806
4677,1638,2023-03-04,462,0,20344
4678,1638,2023-04-03,1493,0,18851
4679,1638,2023-05-03,1007,0,17844
4680,1639,2021-10-25,726,0,11588
4681,1639,2021-11-24,616,0,10972
4682,1639,2021-12-24,562,0,10410
4683,1639,2022-01-23,727,0,9683
4684,1639,2022-02-22,1095,0,8588
4685,1639,2022-03-24,397,0,8191
4686,1639,2022-04-23,342,0,7849
4687,1639,2022-05-23,394,30,7455
4688,1639,2022-06-22,487,0,6968
4689,1639,2022-07-22,1490,0,5478
4690,1640,2023-05-15,386,15,24237
4691,1640,2023-06-14,525,30,23712
4692,1640,2023-07-14,817,5,22895
4693,1641,2022-08-30,595,0,6544
4694,1641,2022-09-29,434,0,6110
4695,1641,2022-10-29,1308,0,4802
4696,1641,2022-11-28,1045,0,3757
4697,1641,2022-12-28,1388,5,2369
4698,1641,2023-01-27,1340,0,1029
4699,1641,2023-02-26,734,0,295
4700,1641,2023-03-28,295,60,0
4701,1642,2022-03-23,707,0,35583
4702,1642,2022-04-22,861,0,34722
4703,1642,2022-05-22,796,0,33926
4704,1642,2022-06-21,1296,15,32630
4705,1642,2022-07-21,1126,0,31504
4706,1642,2022-08-20,522,0,30982
4707,1642,2022-09-19,767,60,30215
4708,1642,2022-10-19,674,5,29541
4709,1642,2022-11-18,711,0,28830
4710,1642,2022-12-18,1311,0,27519
4711,1642,2023-01-17,749,0,26770
4712,1642,2023-02-16,1121,0,25649
4713,1643,2021-07-17,1061,5,22027
4714,1643,2021-08-16,864,0,21163
4715,1643,2021-09-15,755,15,20408
4716,1643,2021-10-15,1389,0,19019
4717,1643,2021-11-14,1161,0,17858
4718,1643,2021-12-14,586,0,17272
4719,1643,2022-01-13,583,0,16689
4720,1643,2022-02-12,990,0,15699
4721,1643,2022-03-14,1114,0,14585
4722,1643,2022-04-13,308,0,14277
4723,1643,2022-05-13,647,0,13630
4724,1644,2023-05-22,749,0,43943
4725,1644,2023-06-21,665,0,43278
4726,1644,2023-07-21,711,0,42567
4727,1644,2023-08-20,553,0,42014
4728,1644,2023-09-19,1026,0,40988
4729,1644,2023-10-19,1404,0,39584
4730,1644,2023-11-18,1109,0,38475
4731,1644,2023-12-18,772,0,37703
4732,1644,2024-01-17,899,0,36804
4733,1644,2024-02-16,759,0,36045
4734,1645,2021-03-14,1074,0,37056
4735,1645,2021-04-13,1195,0,35861
4736,1645,2021-05-13,923,0,34938
4737,1646,2022-08-09,1138,0,35950
4738,1646,2022-09-08,629,0,35321
4739,1646,2022-10-08,806,0,34515
4740,1646,2022-11-07,1215,0,33300
4741,1646,2022-12-07,1294,0,32006
4742,1646,2023-01-06,1295,0,30711
4743,1646,2023-02-05,726,0,29985
4744,1646,2023-03-07,1315,0,28670
4745,1646,2023-04-06,1072,0,27598
4746,1646,2023-05-06,1451,0,26147
4747,1646,2023-06-05,385,0,25762
4748,1647,2021-11-11,1361,0,29931
4749,1647,2021-12-11,1375,0,28556
4750,1647,2022-01-10,1046,0,27510
4751,1648,2022-03-03,1255,0,24415
4752,1648,2022-04-02,817,0,23598
4753,1648,2022-05-02,1331,0,22267
4754,1648,2022-06-01,993,0,21274
4755,1648,2022-07-01,572,0,20702
4756,1648,2022-07-31,511,0,20191
4757,1648,2022-08-30,965,0,19226
4758,1648,2022-09-29,1257,0,17969
4759,1649,2021-02-11,716,0,8022
4760,1649,2021-03-13,1435,0,6587
4761,1649,2021-04-12,1213,0,5374
4762,1649,2021-05-12,727,0,4647
4763,1649,2021-06-11,515,0,4132
4764,1649,2021-07-11,679,0,3453
4765,1650,2022-09-29,557,0,6912
4766,1650,2022-10-29,702,5,6210
4767,1650,2022-11-28,364,0,5846
4768,1650,2022-12-28,1249,0,4597
4769,1650,2023-01-27,927,0,3670
4770,1651,2021-11-28,700,0,26834
4771,1651,2021-12-28,512,15,26322
4772,1651,2022-01-27,1051,0,25271
4773,1651,2022-02-26,717,0,24554
4774,1651,2022-03-28,808,0,23746
4775,1651,2022-04-27,1291,30,22455
4776,1651,2022-05-27,842,0,21613
4777,1651,2022-06-26,970,0,20643
4778,1651,2022-07-26,933,0,19710
4779,1651,2022-08-25,1348,0,18362
4780,1651,2022-09-24,1105,0,17257
4781,1652,2023-07-17,1182,0,12835
4782,1652,2023-08-16,1131,0,11704
4783,1652,2023-09-15,443,15,11261
4784,1652,2023-10-15,888,0,10373
4785,1653,2021-10-10,573,15,7235
4786,1653,2021-11-09,882,0,6353
4787,1653,2021-12-09,671,5,5682
4788,1653,2022-01-08,1118,0,4564
4789,1654,2022-06-13,426,30,17287
4790,1654,2022-07-13,716,15,16571
4791,1654,2022-08-12,1086,0,15485
4792,1655,2023-02-23,341,0,44988
4793,1655,2023-03-25,332,0,44656
4794,1655,2023-04-24,1413,0,43243
4795,1655,2023-05-24,459,0,42784
4796,1655,2023-06-23,698,15,42086
4797,1655,2023-07-23,1414,0,40672
4798,1655,2023-08-22,519,5,40153
4799,1656,2021-03-06,1229,0,6490
4800,1656,2021-04-05,1469,0,5021
4801,1656,2021-05-05,1221,0,3800
4802,1656,2021-06-04,666,0,3134
4803,1656,2021-07-04,889,0,2245
4804,1656,2021-08-03,515,0,1730
4805,1656,2021-09-02,1011,0,719
4806,1656,2021-10-02,719,0,0
4807,1657,2023-01-27,1370,0,26520
4808,1657,2023-02-26,684,0,25836
4809,1657,2023-03-28,903,0,24933
4810,1657,2023-04-27,698,0,24235
4811,1657,2023-05-27,682,0,23553
4812,1657,2023-06-26,309,0,23244
4813,1657,2023-07-26,1131,0,22113
4814,1657,2023-08-25,494,0,21619
4815,1657,2023-09-24,396,15,21223
4816,1658,2023-05-29,386,0,16314
4817,1658,2023-06-28,1469,0,14845
4818,1658,2023-07-28,1434,0,13411
4819,1658,2023-08-27,1064,0,12347
4820,1658,2023-09-26,1090,15,11257
4821,1658,2023-10-26,882,30,10375
4822,1658,2023-11-25,837,0,9538
4823,1658,2023-12-25,729,0,8809
4824,1659,2021-04-30,488,0,41021
4825,1659,2021-05-30,872,0,40149
4826,1659,2021-06-29,841,0,39308
4827,1659,2021-07-29,1484,0,37824
4828,1659,2021-08-28,752,0,37072
4829,1659,2021-09-27,469,0,36603
4830,1659,2021-10-27,1380,0,35223
4831,1660,2023-03-17,500,0,47034
4832,1660,2023-04-16,1126,0,45908
4833,1660,2023-05-16,400,0,45508
4834,1660,2023-06-15,1237,0,44271
4835,1660,2023-07-15,964,0,43307
4836,1660,2023-08-14,372,0,42935
4837,1660,2023-09-13,815,0,42120
4838,1660,2023-10-13,1343,0,40777
4839,1661,2022-09-27,745,0,41021
4840,1661,2022-10-27,332,0,40689
4841,1661,2022-11-26,577,0,40112
4842,1661,2022-12-26,425,0,39687
4843,1661,2023-01-25,1123,60,38564
4844,1661,2023-02-24,929,0,37635
4845,1661,2023-03-26,359,0,37276
4846,1662,2022-09-24,690,0,31015
4847,1662,2022-10-24,797,30,30218
4848,1662,2022-11-23,748,0,29470
4849,1662,2022-12-23,979,0,28491
4850,1662,2023-01-22,429,0,28062
4851,1662,2023-02-21,1117,0,26945
4852,1663,2022-03-24,799,0,22988
4853,1663,2022-04-23,957,0,22031
4854,1663,2022-05-23,876,0,21155
4855,1663,2022-06-22,1022,0,20133
4856,1663,2022-07-22,983,0,19150
4857,1663,2022-08-21,1224,0,17926
4858,1664,2021-05-25,1200,30,30388
4859,1664,2021-06-24,387,0,30001
4860,1664,2021-07-24,402,30,29599
4861,1665,2022-10-09,1197,0,29926
4862,1665,2022-11-08,557,0,29369
4863,1665,2022-12-08,689,0,28680
4864,1665,2023-01-07,1053,0,27627
4865,1665,2023-02-06,982,0,26645
4866,1666,2021-08-14,1110,0,36952
4867,1666,2021-09-13,579,0,36373
4868,1666,2021-10-13,316,0,36057
4869,1666,2021-11-12,1368,0,34689
4870,1666,2021-12-12,488,0,34201
4871,1666,2022-01-11,593,0,33608
4872,1666,2022-02-10,714,0,32894
4873,1667,2023-05-06,730,0,14447
4874,1667,2023-06-05,1346,30,13101
4875,1667,2023-07-05,786,0,12315
4876,1667,2023-08-04,570,0,11745
4877,1667,2023-09-03,1199,0,10546
4878,1667,2023-10-03,577,0,9969
4879,1667,2023-11-02,1212,0,8757
4880,1668,2022-06-15,1176,0,25551
4881,1668,2022-07-15,635,0,24916
4882,1668,2022-08-14,1361,0,23555
4883,1668,2022-09-13,1457,0,22098
4884,1668,2022-10-13,724,0,21374
4885,1668,2022-11-12,1019,0,20355
4886,1668,2022-12-12,1248,30,19107
4887,1668,2023-01-11,867,0,18240
4888,1668,2023-02-10,510,5,17730
4889,1668,2023-03-12,1381,0,16349
4890,1668,2023-04-11,1199,0,15150
4891,1668,2023-05-11,1396,5,13754
4892,1669,2022-10-18,653,5,34567
4893,1669,2022-11-17,1342,0,33225
4894,1669,2022-12-17,671,0,32554
4895,1669,2023-01-16,973,0,31581
4896,1669,2023-02-15,1404,0,30177
4897,1670,2022-06-07,1366,0,13516
4898,1670,2022-07-07,592,0,12924
4899,1670,2022-08-06,368,0,12556
4900,1671,2021-04-15,866,0,5270
4901,1671,2021-05-15,1047,0,4223
4902,1671,2021-06-14,376,0,3847
4903,1671,2021-07-14,739,0,3108
4904,1671,2021-08-13,1378,0,1730
4905,1671,2021-09-12,1461,0,269
4906,1672,2022-03-19,975,0,38857
4907,1672,2022-04-18,719,0,38138
4908,1672,2022-05-18,907,0,37231
4909,1672,2022-06-17,389,0,36842
4910,1672,2022-07-17,1494,0,35348
4911,1672,2022-08-16,1110,0,34238
4912,1672,2022-09-15,1167,0,33071
4913,1672,2022-10-15,1049,0,32022
4914,1672,2022-11-14,899,0,31123
4915,1673,2022-02-10,439,0,36527
4916,1673,2022-03-12,962,0,35565
4917,1673,2022-04-11,1463,0,34102
4918,1674,2022-03-26,936,0,11073
4919,1674,2022-04-25,1122,30,9951
4920,1674,2022-05-25,1239,5,8712
4921,1674,2022-06-24,1434,0,7278
4922,1674,2022-07-24,302,0,6976
4923,1675,2023-01-29,808,0,17179
4924,1675,2023-02-28,360,60,16819
4925,1675,2023-03-30,354,0,16465
4926,1675,2023-04-29,1362,0,15103
4927,1675,2023-05-29,845,0,14258
4928,1675,2023-06-28,724,0,13534
4929,1675,2023-07-28,1216,0,12318
4930,1675,2023-08-27,454,0,11864
4931,1675,2023-09-26,948,30,10916
4932,1675,2023-10-26,811,0,10105
4933,1675,2023-11-25,486,0,9619
4934,1676,2021-11-03,690,0,41621
4935,1676,2021-12-03,475,5,41146
4936,1676,2022-01-02,1230,0,39916
4937,1676,2022-02-01,1125,0,38791
4938,1676,2022-03-03,1385,0,37406
4939,1676,2022-04-02,580,0,36826
4940,1676,2022-05-02,526,5,36300
4941,1676,2022-06-01,1220,0,35080
4942,1676,2022-07-01,1015,0,34065
4943,1677,2023-03-02,1137,15,35438
4944,1677,2023-04-01,675,0,34763
4945,1677,2023-05-01,1010,0,33753
4946,1677,2023-05-31,539,0,33214
4947,1677,2023-06-30,719,0,32495
4948,1677,2023-07-30,414,0,32081
4949,1677,2023-08-29,306,0,31775
4950,1677,2023-09-28,478,0,31297
4951,1677,2023-10-28,965,0,30332
4952,1677,2023-11-27,449,0,29883
4953,1678,2022-12-07,300,0,5707
4954,1678,2023-01-06,1178,0,4529
4955,1678,2023-02-05,1059,0,3470
4956,1678,2023-03-07,1276,5,2194
4957,1678,2023-04-06,1438,0,756
4958,1678,2023-05-06,756,0,0
4959,1679,2022-02-28,899,0,9546
4960,1679,2022-03-30,634,5,8912
4961,1679,2022-04-29,882,0,8030
4962,1679,2022-05-29,1249,0,6781
4963,1680,2023-06-18,1209,0,14497
4964,1680,2023-07-18,1179,0,13318
4965,1680,2023-08-17,1390,0,11928
4966,1680,2023-09-16,414,0,11514
4967,1680,2023-10-16,941,0,10573
4968,1680,2023-11-15,1240,5,9333
4969,1680,2023-12-15,1267,0,8066
4970,1680,2024-01-14,948,0,7118
4971,1680,2024-02-13,859,0,6259
4972,1681,2022-05-02,1282,0,48204
4973,1681,2022-06-01,639,15,47565
4974,1681,2022-07-01,415,5,47150
4975,1681,2022-07-31,415,0,46735
4976,1681,2022-08-30,1487,0,45248
4977,1681,2022-09-29,425,0,44823
4978,1681,2022-10-29,963,0,43860
4979,1681,2022-11-28,1290,0,42570
4980,1681,2022-12-28,384,0,42186
4981,1681,2023-01-27,932,5,41254
4982,1682,2021-08-10,817,0,33440
4983,1682,2021-09-09,849,60,32591
4984,1682,2021-10-09,1331,0,31260
4985,1682,2021-11-08,703,60,30557
4986,1682,2021-12-08,1039,0,29518
4987,1683,2023-02-08,733,0,26003
4988,1683,2023-03-10,1295,0,24708
4989,1683,2023-04-09,317,0,24391
4990,1683,2023-05-09,1110,0,23281
4991,1683,2023-06-08,547,0,22734
4992,1683,2023-07-08,605,0,22129
4993,1684,2022-12-20,1446,0,45761
4994,1684,2023-01-19,746,0,45015
4995,1684,2023-02-18,732,0,44283
4996,1684,2023-03-20,1121,0,43162
4997,1684,2023-04-19,414,60,42748
4998,1684,2023-05-19,1294,0,41454
4999,1684,2023-06-18,971,5,40483
5000,1685,2021-05-09,997,0,17284
5001,1685,2021-06-08,365,0,16919
5002,1685,2021-07-08,1215,0,15704
5003,1685,2021-08-07,348,0,15356
5004,1685,2021-09-06,562,0,14794
5005,1685,2021-10-06,643,0,14151
5006,1685,2021-11-05,310,15,13841
5007,1685,2021-12-05,1225,0,12616
5008,1685,2022-01-04,1107,0,11509
5009,1685,2022-02-03,859,0,10650
5010,1686,2022-08-01,408,0,6027
5011,1686,2022-08-31,851,0,5176
5012,1686,2022-09-30,411,0,4765
5013,1686,2022-10-30,364,5,4401
5014,1686,2022-11-29,557,0,3844
5015,1686,2022-12-29,933,0,2911
5016,1686,2023-01-28,509,0,2402
5017,1686,2023-02-27,327,0,2075
5018,1686,2023-03-29,362,0,1713
5019,1687,2021-05-06,799,0,37540
5020,1687,2021-06-05,891,0,36649
5021,1687,2021-07-05,1435,0,35214
5022,1687,2021-08-04,1413,0,33801
5023,1687,2021-09-03,1461,0,32340
5024,1687,2021-10-03,826,0,31514
5025,1687,2021-11-02,473,0,31041
5026,1687,2021-12-02,360,0,30681
5027,1687,2022-01-01,1384,0,29297
5028,1687,2022-01-31,823,0,28474
5029,1687,2022-03-02,923,0,27551
5030,1688,2022-11-25,1015,0,39135
5031,1688,2022-12-25,1428,0,37707
5032,1688,2023-01-24,987,0,36720
5033,1688,2023-02-23,1046,0,35674
5034,1688,2023-03-25,964,0,34710
5035,1688,2023-04-24,734,0,33976
5036,1688,2023-05-24,683,0,33293
5037,1688,2023-06-23,1320,0,31973
5038,1688,2023-07-23,622,5,31351
5039,1689,2022-11-24,995,0,29826
5040,1689,2022-12-24,331,0,29495
5041,1689,2023-01-23,364,0,29131
5042,1689,2023-02-22,567,0,28564
5043,1689,2023-03-24,365,0,28199
5044,1689,2023-04-23,1215,0,26984
5045,1689,2023-05-23,1281,0,25703
5046,1689,2023-06-22,884,0,24819
5047,1689,2023-07-22,1448,60,23371
5048,1689,2023-08-21,432,0,22939
5049,1690,2021-08-08,1174,0,30486
5050,1690,2021-09-07,1273,5,29213
5051,1690,2021-10-07,771,0,28442
5052,1690,2021-11-06,1070,0,27372
5053,1690,2021-12-06,605,0,26767
5054,1690,2022-01-05,720,0,26047
5055,1690,2022-02-04,1163,5,24884
5056,1691,2023-02-05,1293,0,8791
5057,1691,2023-03-07,1178,0,7613
5058,1691,2023-04-06,1166,60,6447
5059,1692,2021-03-08,1420,0,20241
5060,1692,2021-04-07,848,0,19393
5061,1692,2021-05-07,487,0,18906
5062,1692,2021-06-06,318,0,18588
5063,1692,2021-07-06,1284,0,17304
5064,1692,2021-08-05,783,0,16521
5065,1692,2021-09-04,955,0,15566
5066,1692,2021-10-04,317,15,15249
5067,1692,2021-11-03,1098,0,14151
5068,1692,2021-12-03,778,0,13373
5069,1692,2022-01-02,307,15,13066
5070,1693,2023-03-21,1459,15,17048
5071,1693,2023-04-20,988,0,16060
5072,1693,2023-05-20,852,0,15208
5073,1693,2023-06-19,1005,5,14203
5074,1693,2023-07-19,1159,0,13044
5075,1693,2023-08-18,927,0,12117
5076,1693,2023-09-17,929,15,11188
5077,1693,2023-10-17,343,0,10845
5078,1693,2023-11-16,480,0,10365
5079,1694,2022-02-03,1256,0,10803
5080,1694,2022-03-05,1415,0,9388
5081,1694,2022-04-04,950,0,8438
5082,1694,2022-05-04,640,60,7798
5083,1694,2022-06-03,697,0,7101
5084,1694,2022-07-03,396,0,6705
5085,1695,2022-12-26,376,0,22895
5086,1695,2023-01-25,1097,0,21798
5087,1695,2023-02-24,1114,0,20684
5088,1696,2022-07-09,1019,0,11472
5089,1696,2022-08-08,783,0,10689
5090,1696,2022-09-07,947,0,9742
5091,1696,2022-10-07,1327,15,8415
5092,1696,2022-11-06,408,0,8007
5093,1696,2022-12-06,759,0,7248
5094,1696,2023-01-05,343,0,6905
5095,1696,2023-02-04,1243,0,5662
5096,1697,2021-11-05,932,0,18927
5097,1697,2021-12-05,1315,0,17612
5098,1697,2022-01-04,922,0,16690
5099,1697,2022-02-03,619,0,16071
5100,1697,2022-03-05,509,60,15562
5101,1697,2022-04-04,788,0,14774
5102,1697,2022-05-04,1073,0,13701
5103,1697,2022-06-03,999,5,12702
5104,1697,2022-07-03,712,5,11990
5105,1697,2022-08-02,775,0,11215
5106,1698,2021-09-04,779,0,12294
5107,1698,2021-10-04,1222,0,11072
5108,1698,2021-11-03,1144,0,9928
5109,1698,2021-12-03,438,0,9490
5110,1698,2022-01-02,1440,0,8050
5111,1698,2022-02-01,828,0,7222
5112,1698,2022-03-03,1457,0,5765
5113,1698,2022-04-02,943,0,4822
5114,1698,2022-05-02,757,5,4065
5115,1698,2022-06-01,910,0,3155
5116,1699,2023-06-16,1216,0,12861
5117,1699,2023-07-16,1481,0,11380
5118,1699,2023-08-15,524,0,10856
5119,1699,2023-09-14,1019,0,9837
5120,1699,2023-10-14,363,0,9474
5121,1699,2023-11-13,969,0,8505
5122,1700,2023-06-22,667,0,25286
5123,1700,2023-07-22,1305,0,23981
5124,1700,2023-08-21,1383,0,22598
5125,1700,2023-09-20,1306,0,21292
5126,1700,2023-10-20,1463,0,19829
5127,1700,2023-11-19,763,0,19066
5128,1700,2023-12-19,462,0,18604
5129,1700,2024-01-18,1354,0,17250
5130,1700,2024-02-17,616,0,16634
5131,1700,2024-03-18,489,0,16145
5132,1701,2023-04-08,800,0,15583
5133,1701,2023-05-08,1099,0,14484
5134,1701,2023-06-07,514,0,13970
5135,1701,2023-07-07,896,0,13074
5136,1701,2023-08-06,427,0,12647
5137,1701,2023-09-05,918,0,11729
5138,1701,2023-10-05,1468,0,10261
5139,1701,2023-11-04,1002,0,9259
5140,1701,2023-12-04,1435,5,7824
5141,1701,2024-01-03,499,0,7325
5142,1702,2021-10-30,891,0,6462
5143,1702,2021-11-29,688,0,5774
5144,1702,2021-12-29,1306,0,4468
5145,1702,2022-01-28,1314,5,3154
5146,1702,2022-02-27,1304,0,1850
5147,1702,2022-03-29,571,0,1279
5148,1702,2022-04-28,618,0,661
5149,1702,2022-05-28,661,0,0
5150,1703,2023-06-30,620,60,28201
5151,1703,2023-07-30,753,0,27448
5152,1703,2023-08-29,1228,0,26220
5153,1703,2023-09-28,1073,5,25147
5154,1703,2023-10-28,621,0,24526
5155,1703,2023-11-27,839,0,23687
5156,1703,2023-12-27,748,0,22939
5157,1703,2024-01-26,763,0,22176
5158,1703,2024-02-25,1498,0,20678
5159,1703,2024-03-26,684,5,19994
5160,1703,2024-04-25,1285,0,18709
5161,1704,2021-04-02,1068,0,41499
5162,1704,2021-05-02,441,15,41058
5163,1704,2021-06-01,1494,0,39564
5164,1704,2021-07-01,527,30,39037
5165,1704,2021-07-31,1197,30,37840
5166,1704,2021-08-30,1177,0,36663
5167,1704,2021-09-29,1178,0,35485
5168,1704,2021-10-29,655,0,34830
5169,1704,2021-11-28,605,15,34225
5170,1704,2021-12-28,1061,0,33164
5171,1704,2022-01-27,441,0,32723
5172,1704,2022-02-26,1388,0,31335
5173,1705,2022-09-18,709,0,29151
5174,1705,2022-10-18,753,0,28398
5175,1705,2022-11-17,936,0,27462
5176,1705,2022-12-17,1288,0,26174
5177,1705,2023-01-16,601,0,25573
5178,1705,2023-02-15,636,5,24937
5179,1706,2023-06-29,1072,0,25123
5180,1706,2023-07-29,1371,0,23752
5181,1706,2023-08-28,964,15,22788
5182,1706,2023-09-27,1096,0,21692
5183,1707,2023-01-29,1045,0,15894
5184,1707,2023-02-28,1262,15,14632
5185,1707,2023-03-30,1483,30,13149
5186,1707,2023-04-29,820,0,12329
5187,1707,2023-05-29,1106,0,11223
5188,1707,2023-06-28,435,0,10788
5189,1707,2023-07-28,573,0,10215
5190,1707,2023-08-27,1149,5,9066
5191,1707,2023-09-26,1083,0,7983
5192,1707,2023-10-26,431,0,7552
5193,1707,2023-11-25,1459,15,6093
5194,1708,2022-01-07,1107,0,29231
5195,1708,2022-02-06,1460,0,27771
5196,1708,2022-03-08,1043,0,26728
5197,1708,2022-04-07,625,0,26103
5198,1708,2022-05-07,1128,0,24975
5199,1708,2022-06-06,676,0,24299
5200,1708,2022-07-06,632,0,23667
5201,1708,2022-08-05,740,0,22927
5202,1708,2022-09-04,518,0,22409
5203,1709,2022-03-03,894,0,25836
5204,1709,2022-04-02,440,0,25396
5205,1709,2022-05-02,1176,0,24220
5206,1709,2022-06-01,1375,5,22845
5207,1709,2022-07-01,1012,0,21833
5208,1709,2022-07-31,1095,0,20738
5209,1709,2022-08-30,1369,0,19369
5210,1710,2022-12-30,1340,0,25087
5211,1710,2023-01-29,376,5,24711
5212,1710,2023-02-28,1488,5,23223
5213,1710,2023-03-30,1347,0,21876
5214,1711,2021-02-18,1153,5,39043
5215,1711,2021-03-20,1008,0,38035
5216,1711,2021-04-19,564,0,37471
5217,1711,2021-05-19,1386,0,36085
5218,1712,2021-07-26,598,30,31485
5219,1712,2021-08-25,571,0,30914
5220,1712,2021-09-24,1410,0,29504
5221,1712,2021-10-24,368,0,29136
5222,1712,2021-11-23,1260,0,27876
5223,1712,2021-12-23,1223,0,26653
5224,1712,2022-01-22,780,0,25873
5225,1712,2022-02-21,592,0,25281
5226,1712,2022-03-23,385,30,24896
5227,1713,2022-10-04,417,0,26093
5228,1713,2022-11-03,1278,0,24815
5229,1713,2022-12-03,999,0,23816
5230,1713,2023-01-02,466,15,23350
5231,1713,2023-02-01,861,0,22489
5232,1713,2023-03-03,455,0,22034
5233,1714,2022-03-02,951,0,48113
5234,1714,2022-04-01,860,0,47253
5235,1714,2022-05-01,611,0,46642
5236,1714,2022-05-31,449,0,46193
5237,1714,2022-06-30,880,15,45313
5238,1714,2022-07-30,653,0,44660
5239,1714,2022-08-29,418,0,44242
5240,1714,2022-09-28,1295,0,42947
5241,1714,2022-10-28,777,0,42170
5242,1714,2022-11-27,650,0,41520
5243,1714,2022-12-27,795,5,40725
5244,1715,2022-04-20,1179,0,11634
5245,1715,2022-05-20,432,0,11202
5246,1715,2022-06-19,609,5,10593
5247,1716,2021-09-20,494,0,36104
5248,1716,2021-10-20,602,0,35502
5249,1716,2021-11-19,1444,0,34058
5250,1716,2021-12-19,861,0,33197
5251,1716,2022-01-18,833,0,32364
5252,1716,2022-02-17,816,0,31548
5253,1716,2022-03-19,889,0,30659
5254,1717,2021-04-16,974,0,31596
5255,1717,2021-05-16,352,0,31244
5256,1717,2021-06-15,1047,15,30197
5257,1718,2021-10-22,882,0,31200
5258,1718,2021-11-21,354,0,30846
5259,1718,2021-12-21,1020,0,29826
5260,1719,2022-04-30,1318,5,32923
5261,1719,2022-05-30,1107,0,31816
5262,1719,2022-06-29,810,0,31006
5263,1719,2022-07-29,419,0,30587
5264,1719,2022-08-28,1476,0,29111
5265,1719,2022-09-27,692,15,28419
5266,1719,2022-10-27,1093,5,27326
5267,1719,2022-11-26,519,5,26807
5268,1719,2022-12-26,1399,15,25408
5269,1719,2023-01-25,938,0,24470
5270,1719,2023-02-24,633,0,23837
5271,1720,2023-04-06,651,0,35027
5272,1720,2023-05-06,695,0,34332
5273,1720,2023-06-05,829,0,33503
5274,1721,2023-01-18,657,0,48912
5275,1721,2023-02-17,359,0,48553
5276,1721,2023-03-19,911,0,47642
5277,1721,2023-04-18,610,0,47032
5278,1721,2023-05-18,1357,0,45675
5279,1721,2023-06-17,1007,0,44668
5280,1721,2023-07-17,665,0,44003
5281,1721,2023-08-16,626,15,43377
5282,1721,2023-09-15,1218,0,42159
5283,1721,2023-10-15,1466,0,40693
5284,1722,2023-02-04,511,0,16234
5285,1722,2023-03-06,545,15,15689
5286,1722,2023-04-05,819,0,14870
5287,1723,2022-02-18,576,0,30453
5288,1723,2022-03-20,501,0,29952
5289,1723,2022-04-19,777,0,29175
5290,1723,2022-05-19,1398,0,27777
5291,1723,2022-06-18,964,15,26813
5292,1723,2022-07-18,621,15,26192
5293,1724,2022-08-17,969,15,17056
5294,1724,2022-09-16,576,0,16480
5295,1724,2022-10-16,699,0,15781
5296,1724,2022-11-15,875,0,14906
5297,1724,2022-12-15,538,0,14368
5298,1725,2023-05-31,496,0,40628
5299,1725,2023-06-30,463,0,40165
5300,1725,2023-07-30,1391,0,38774
5301,1725,2023-08-29,1130,0,37644
5302,1725,2023-09-28,835,0,36809
5303,1725,2023-10-28,1162,0,35647
5304,1726,2022-06-20,1187,5,18101
5305,1726,2022-07-20,1287,0,16814
5306,1726,2022-08-19,1008,0,15806
5307,1726,2022-09-18,1026,5,14780
5308,1727,2022-02-01,726,0,27924
5309,1727,2022-03-03,1151,60,26773
5310,1727,2022-04-02,410,0,26363
5311,1728,2021-06-23,363,0,11177
5312,1728,2021-07-23,1208,5,9969
5313,1728,2021-08-22,312,0,9657
5314,1728,2021-09-21,538,0,9119
5315,1728,2021-10-21,1409,0,7710
5316,1728,2021-11-20,1481,0,6229
5317,1728,2021-12-20,375,0,5854
5318,1728,2022-01-19,451,0,5403
5319,1728,2022-02-18,524,0,4879
5320,1728,2022-03-20,659,0,4220
5321,1729,2023-07-04,1369,0,35863
5322,1729,2023-08-03,590,0,35273
5323,1729,2023-09-02,865,0,34408
5324,1730,2021-04-09,1304,0,20118
5325,1730,2021-05-09,655,0,19463
5326,1730,2021-06-08,898,0,18565
5327,1730,2021-07-08,1390,0,17175
5328,1730,2021-08-07,513,0,16662
5329,1730,2021-09-06,1264,0,15398
5330,1730,2021-10-06,1438,0,13960
5331,1730,2021-11-05,798,0,13162
5332,1731,2021-05-09,931,0,7411
5333,1731,2021-06-08,838,0,6573
5334,1731,2021-07-08,1052,0,5521
5335,1731,2021-08-07,1364,0,4157
5336,1731,2021-09-06,867,0,3290
5337,1731,2021-10-06,748,15,2542
5338,1732,2022-03-02,735,5,46111
5339,1732,2022-04-01,538,0,45573
5340,1732,2022-05-01,1099,0,44474
5341,1732,2022-05-31,438,0,44036
5342,1733,2021-02-24,1397,0,39215
5343,1733,2021-03-26,1425,0,37790
5344,1733,2021-04-25,1219,0,36571
5345,1733,2021-05-25,790,30,35781
5346,1733,2021-06-24,610,0,35171
5347,1733,2021-07-24,572,0,34599
5348,1734,2023-07-10,1409,0,13987
5349,1734,2023-08-09,1028,0,12959
5350,1734,2023-09-08,674,0,12285
5351,1734,2023-10-08,1167,0,11118
5352,1734,2023-11-07,606,5,10512
5353,1735,2022-05-14,563,0,21919
5354,1735,2022-06-13,1430,0,20489
5355,1735,2022-07-13,813,0,19676
5356,1735,2022-08-12,300,0,19376
5357,1735,2022-09-11,1202,0,18174
5358,1735,2022-10-11,573,0,17601
5359,1736,2022-05-29,884,0,27527
5360,1736,2022-06-28,780,0,26747
5361,1736,2022-07-28,1095,0,25652
5362,1737,2022-08-18,949,0,17312
5363,1737,2022-09-17,1359,0,15953
5364,1737,2022-10-17,957,0,14996
5365,1737,2022-11-16,720,5,14276
5366,1737,2022-12-16,1092,0,13184
5367,1737,2023-01-15,1179,15,12005
5368,1737,2023-02-14,809,0,11196
5369,1737,2023-03-16,1499,0,9697
5370,1737,2023-04-15,1213,0,8484
5371,1738,2021-06-30,355,0,7738
5372,1738,2021-07-30,1201,0,6537
5373,1738,2021-08-29,646,0,5891
5374,1738,2021-09-28,1323,5,4568
5375,1739,2021-06-23,600,0,16122
5376,1739,2021-07-23,325,0,15797
5377,1739,2021-08-22,749,0,15048
5378,1739,2021-09-21,770,0,14278
5379,1739,2021-10-21,950,0,13328
5380,1739,2021-11-20,1229,0,12099
5381,1739,2021-12-20,1175,0,10924
5382,1739,2022-01-19,871,0,10053
5383,1739,2022-02-18,624,5,9429
5384,1740,2022-08-22,564,0,26478
5385,1740,2022-09-21,632,0,25846
5386,1740,2022-10-21,502,0,25344
5387,1740,2022-11-20,846,0,24498
5388,1740,2022-12-20,1484,0,23014
5389,1740,2023-01-19,1164,60,21850
5390,1740,2023-02-18,697,30,21153
5391,1741,2021-03-10,405,0,49008
5392,1741,2021-04-09,1377,0,47631
5393,1741,2021-05-09,523,0,47108
5394,1741,2021-06-08,1337,0,45771
5395,1741,2021-07-08,781,0,44990
5396,1742,2021-05-19,1145,0,31942
5397,1742,2021-06-18,1414,0,30528
5398,1742,2021-07-18,1340,0,29188
5399,1743,2022-12-24,445,0,36902
5400,1743,2023-01-23,468,5,36434
5401,1743,2023-02-22,1064,0,35370
5402,1743,2023-03-24,1465,0,33905
5403,1743,2023-04-23,1376,0,32529
5404,1743,2023-05-23,435,0,32094
5405,1743,2023-06-22,856,0,31238
5406,1743,2023-07-22,702,0,30536
5407,1744,2021-03-13,894,0,37862
5408,1744,2021-04-12,1489,0,36373
5409,1744,2021-05-12,778,0,35595
5410,1744,2021-06-11,850,0,34745
5411,1744,2021-07-11,933,0,33812
5412,1744,2021-08-10,507,0,33305
5413,1745,2021-08-04,538,0,43676
5414,1745,2021-09-03,1411,0,42265
5415,1745,2021-10-03,574,0,41691
5416,1745,2021-11-02,1253,0,40438
5417,1745,2021-12-02,1389,0,39049
5418,1745,2022-01-01,554,0,38495
5419,1745,2022-01-31,914,0,37581
5420,1746,2022-03-04,682,0,20653
5421,1746,2022-04-03,423,0,20230
5422,1746,2022-05-03,1434,0,18796
5423,1746,2022-06-02,1481,0,17315
5424,1746,2022-07-02,1441,0,15874
5425,1747,2021-09-10,1391,0,32211
5426,1747,2021-10-10,1302,0,30909
5427,1747,2021-11-09,742,0,30167
5428,1747,2021-12-09,660,0,29507
5429,1747,2022-01-08,1152,0,28355
5430,1747,2022-02-07,1323,0,27032
5431,1747,2022-03-09,540,0,26492
5432,1747,2022-04-08,864,0,25628
5433,1748,2022-10-26,330,0,39120
5434,1748,2022-11-25,565,0,38555
5435,1748,2022-12-25,680,0,37875
5436,1748,2023-01-24,1012,60,36863
5437,1748,2023-02-23,1394,0,35469
5438,1748,2023-03-25,439,0,35030
5439,1748,2023-04-24,889,0,34141
5440,1748,2023-05-24,840,0,33301
5441,1748,2023-06-23,674,0,32627
5442,1748,2023-07-23,1376,0,31251
5443,1749,2021-06-12,307,0,36889
5444,1749,2021-07-12,341,30,36548
5445,1749,2021-08-11,1393,0,35155
5446,1749,2021-09-10,368,5,34787
5447,1749,2021-10-10,1293,0,33494
5448,1749,2021-11-09,826,0,32668
5449,1749,2021-12-09,362,0,32306
5450,1749,2022-01-08,1444,0,30862
5451,1749,2022-02-07,1430,0,29432
5452,1749,2022-03-09,1339,0,28093
5453,1750,2021-07-12,1026,0,9600
5454,1750,2021-08-11,904,0,8696
5455,1750,2021-09-10,653,0,8043
5456,1750,2021-10-10,733,0,7310
5457,1750,2021-11-09,558,0,6752
5458,1750,2021-12-09,304,0,6448
5459,1750,2022-01-08,895,0,5553
5460,1751,2021-09-02,343,0,12081
5461,1751,2021-10-02,1153,0,10928
5462,1751,2021-11-01,574,0,10354
5463,1751,2021-12-01,782,30,9572
5464,1751,2021-12-31,438,0,9134
5465,1751,2022-01-30,963,0,8171
5466,1751,2022-03-01,455,0,7716
5467,1751,2022-03-31,527,0,7189
5468,1751,2022-04-30,821,0,6368
5469,1751,2022-05-30,461,0,5907
5470,1751,2022-06-29,1430,0,4477
5471,1752,2023-02-02,485,0,17372
5472,1752,2023-03-04,745,0,16627
5473,1752,2023-04-03,1129,0,15498
5474,1753,2021-09-22,737,0,49186
5475,1753,2021-10-22,1246,0,47940
5476,1753,2021-11-21,1055,0,46885
5477,1753,2021-12-21,985,30,45900
5478,1753,2022-01-20,922,0,44978
5479,1753,2022-02-19,699,0,44279
5480,1753,2022-03-21,1108,0,43171
5481,1753,2022-04-20,1300,0,41871
5482,1753,2022-05-20,1231,0,40640
5483,1753,2022-06-19,347,0,40293
5484,1753,2022-07-19,1480,0,38813
5485,1754,2023-05-23,1434,0,23548
5486,1754,2023-06-22,431,0,23117
5487,1754,2023-07-22,900,0,22217
5488,1754,2023-08-21,1398,0,20819
5489,1754,2023-09-20,335,0,20484
5490,1755,2022-11-19,522,5,15903
5491,1755,2022-12-19,540,0,15363
5492,1755,2023-01-18,690,0,14673
5493,1755,2023-02-17,980,0,13693
5494,1755,2023-03-19,1002,0,12691
5495,1755,2023-04-18,1248,0,11443
5496,1756,2023-02-20,305,0,6675
5497,1756,2023-03-22,1041,0,5634
5498,1756,2023-04-21,1211,0,4423
5499,1756,2023-05-21,1175,0,3248
5500,1756,2023-06-20,337,0,2911
5501,1756,2023-07-20,751,0,2160
5502,1756,2023-08-19,1465,60,695
5503,1756,2023-09-18,402,0,293
5504,1756,2023-10-18,293,0,0
5505,1757,2022-09-10,1242,0,30189
5506,1757,2022-10-10,1361,0,28828
5507,1757,2022-11-09,963,0,27865
5508,1757,2022-12-09,625,0,27240
5509,1758,2021-02-08,450,0,23990
5510,1758,2021-03-10,1177,0,22813
5511,1758,2021-04-09,1103,0,21710
5512,1758,2021-05-09,558,0,21152
5513,1758,2021-06-08,333,0,20819
5514,1758,2021-07-08,1136,0,19683
5515,1758,2021-08-07,1038,0,18645
5516,1758,2021-09-06,1146,0,17499
5517,1758,2021-10-06,949,0,16550
5518,1759,2021-04-14,532,0,46220
5519,1759,2021-05-14,779,0,45441
5520,1759,2021-06-13,1275,0,44166
5521,1759,2021-07-13,678,0,43488
5522,1760,2022-06-06,659,0,21516
5523,1760,2022-07-06,332,0,21184
5524,1760,2022-08-05,456,0,20728
5525,1760,2022-09-04,501,0,20227
5526,1760,2022-10-04,1222,0,19005
5527,1760,2022-11-03,395,0,18610
5528,1760,2022-12-03,454,0,18156
5529,1760,2023-01-02,588,0,17568
5530,1761,2021-10-10,1058,0,30327
5531,1761,2021-11-09,485,0,29842
5532,1761,2021-12-09,1206,0,28636
5533,1761,2022-01-08,326,0,28310
5534,1761,2022-02-07,501,5,27809
5535,1761,2022-03-09,969,0,26840
5536,1761,2022-04-08,771,0,26069
5537,1761,2022-05-08,354,0,25715
5538,1761,2022-06-07,1329,0,24386
5539,1761,2022-07-07,1373,0,23013
5540,1761,2022-08-06,529,0,22484
5541,1761,2022-09-05,760,0,21724
5542,1762,2021-09-17,358,0,42800
5543,1762,2021-10-17,1027,0,41773
5544,1762,2021-11-16,797,0,40976
5545,1762,2021-12-16,366,5,40610
5546,1763,2022-07-03,576,0,27443
5547,1763,2022-08-02,1020,0,26423
5548,1763,2022-09-01,990,0,25433
5549,1763,2022-10-01,356,0,25077
5550,1763,2022-10-31,473,0,24604
5551,1763,2022-11-30,1303,0,23301
5552,1763,2022-12-30,859,0,22442
5553,1763,2023-01-29,648,15,21794
5554,1763,2023-02-28,493,0,21301
5555,1763,2023-03-30,565,0,20736
5556,1763,2023-04-29,485,0,20251
5557,1764,2021-07-23,1306,0,22333
5558,1764,2021-08-22,644,0,21689
5559,1764,2021-09-21,1320,0,20369
5560,1764,2021-10-21,1235,0,19134
5561,1764,2021-11-20,546,15,18588
5562,1764,2021-12-20,1252,0,17336
5563,1764,2022-01-19,443,30,16893
5564,1764,2022-02-18,1162,0,15731
5565,1765,2022-11-14,674,0,24320
5566,1765,2022-12-14,928,0,23392
5567,1765,2023-01-13,855,0,22537
5568,1766,2021-07-17,1180,0,38195
5569,1766,2021-08-16,607,0,37588
5570,1766,2021-09-15,775,30,36813
5571,1766,2021-10-15,823,0,35990
5572,1766,2021-11-14,868,0,35122
5573,1766,2021-12-14,405,0,34717
5574,1766,2022-01-13,999,0,33718
5575,1766,2022-02-12,1130,15,32588
5576,1767,2021-07-19,756,0,25807
5577,1767,2021-08-18,778,0,25029
5578,1767,2021-09-17,1303,0,23726
5579,1767,2021-10-17,1192,0,22534
5580,1767,2021-11-16,356,0,22178
5581,1768,2022-02-27,1369,5,42972
5582,1768,2022-03-29,668,0,42304
5583,1768,2022-04-28,1207,0,41097
5584,1768,2022-05-28,873,0,40224
5585,1768,2022-06-27,417,0,39807
5586,1769,2023-04-05,1378,5,9398
5587,1769,2023-05-05,567,0,8831
5588,1769,2023-06-04,465,0,8366
5589,1769,2023-07-04,1013,0,7353
5590,1769,2023-08-03,1192,0,6161
5591,1769,2023-09-02,1332,0,4829
5592,1769,2023-10-02,622,0,4207
5593,1769,2023-11-01,921,0,3286
5594,1769,2023-12-01,1039,0,2247
5595,1769,2023-12-31,413,0,1834
5596,1769,2024-01-30,423,0,1411
5597,1770,2022-10-26,1243,15,40201
5598,1770,2022-11-25,1453,0,38748
5599,1770,2022-12-25,1103,0,37645
5600,1770,2023-01-24,931,0,36714
5601,1770,2023-02-23,1369,0,35345
5602,1770,2023-03-25,921,0,34424
5603,1770,2023-04-24,839,0,33585
5604,1770,2023-05-24,564,0,33021
5605,1770,2023-06-23,1002,0,32019
5606,1771,2021-08-12,485,0,7895
5607,1771,2021-09-11,696,0,7199
5608,1771,2021-10-11,1388,0,5811
5609,1771,2021-11-10,854,15,4957
5610,1771,2021-12-10,1096,15,3861
5611,1771,2022-01-09,343,0,3518
5612,1771,2022-02-08,781,0,2737
5613,1771,2022-03-10,1497,15,1240
5614,1771,2022-04-09,519,0,721
5615,1771,2022-05-09,721,0,0
5616,1772,2022-07-01,1384,0,12327
5617,1772,2022-07-31,1474,0,10853
5618,1772,2022-08-30,848,0,10005
5619,1772,2022-09-29,1336,0,8669
5620,1772,2022-10-29,631,0,8038
5621,1772,2022-11-28,1076,0,6962
5622,1772,2022-12-28,957,15,6005
5623,1772,2023-01-27,753,0,5252
5624,1772,2023-02-26,1412,5,3840
5625,1773,2021-02-28,653,0,13129
5626,1773,2021-03-30,444,0,12685
5627,1773,2021-04-29,1367,0,11318
5628,1773,2021-05-29,1209,0,10109
5629,1773,2021-06-28,1492,0,8617
5630,1773,2021-07-28,812,0,7805
5631,1773,2021-08-27,1033,0,6772
5632,1773,2021-09-26,1301,0,5471
5633,1773,2021-10-26,1181,0,4290
5634,1774,2021-07-14,733,0,21701
5635,1774,2021-08-13,772,0,20929
5636,1774,2021-09-12,1319,0,19610
5637,1774,2021-10-12,1315,0,18295
5638,1774,2021-11-11,468,60,17827
5639,1774,2021-12-11,860,0,16967
5640,1774,2022-01-10,754,60,16213
5641,1774,2022-02-09,478,0,15735
5642,1774,2022-03-11,1245,0,14490
5643,1774,2022-04-10,1038,0,13452
5644,1775,2022-03-28,1014,0,24003
5645,1775,2022-04-27,1379,0,22624
5646,1775,2022-05-27,1263,0,21361
5647,1775,2022-06-26,336,0,21025
5648,1775,2022-07-26,1312,0,19713
5649,1775,2022-08-25,1031,0,18682
5650,1776,2022-01-04,1109,0,34598
5651,1776,2022-02-03,1095,0,33503
5652,1776,2022-03-05,724,0,32779
5653,1776,2022-04-04,926,0,31853
5654,1776,2022-05-04,510,0,31343
5655,1776,2022-06-03,432,0,30911
5656,1776,2022-07-03,410,0,30501
5657,1776,2022-08-02,1200,30,29301
5658,1777,2022-11-09,1161,0,42949
5659,1777,2022-12-09,492,0,42457
5660,1777,2023-01-08,1267,0,41190
5661,1778,2022-06-10,383,0,21960
5662,1778,2022-07-10,379,0,21581
5663,1778,2022-08-09,821,0,20760
5664,1778,2022-09-08,533,0,20227
5665,1778,2022-10-08,1148,0,19079
5666,1778,2022-11-07,912,0,18167
5667,1778,2022-12-07,1014,0,17153
5668,1778,2023-01-06,409,15,16744
5669,1778,2023-02-05,1475,0,15269
5670,1778,2023-03-07,1254,0,14015
5671,1778,2023-04-06,971,0,13044
5672,1779,2022-01-30,1251,0,42576
5673,1779,2022-03-01,1358,0,41218
5674,1779,2022-03-31,1148,0,40070
5675,1779,2022-04-30,1399,0,38671
5676,1779,2022-05-30,822,0,37849
5677,1780,2023-05-13,573,0,46079
5678,1780,2023-06-12,1378,0,44701
5679,1780,2023-07-12,576,0,44125
5680,1780,2023-08-11,931,0,43194
5681,1780,2023-09-10,475,0,42719
5682,1780,2023-10-10,1070,0,41649
5683,1780,2023-11-09,561,0,41088
5684,1780,2023-12-09,1190,15,39898
5685,1780,2024-01-08,1247,15,38651
5686,1780,2024-02-07,601,0,38050
5687,1781,2022-01-07,1459,0,9196
5688,1781,2022-02-06,828,0,8368
5689,1781,2022-03-08,1417,0,6951
5690,1781,2022-04-07,708,5,6243
5691,1781,2022-05-07,916,0,5327
5692,1781,2022-06-06,383,0,4944
5693,1781,2022-07-06,1231,0,3713
5694,1781,2022-08-05,717,0,2996
5695,1781,2022-09-04,1158,0,1838
5696,1781,2022-10-04,925,0,913
5697,1782,2022-06-14,861,0,48998
5698,1782,2022-07-14,1240,0,47758
5699,1782,2022-08-13,1465,0,46293
5700,1782,2022-09-12,1434,0,44859
5701,1782,2022-10-12,1081,0,43778
5702,1782,2022-11-11,838,0,42940
5703,1782,2022-12-11,575,0,42365
5704,1782,2023-01-10,890,0,41475
5705,1783,2022-11-18,955,0,19296
5706,1783,2022-12-18,691,0,18605
5707,1783,2023-01-17,719,0,17886
5708,1783,2023-02-16,463,0,17423
5709,1783,2023-03-18,937,0,16486
5710,1783,2023-04-17,316,0,16170
5711,1783,2023-05-17,639,0,15531
5712,1783,2023-06-16,1334,0,14197
5713,1783,2023-07-16,432,0,13765
5714,1783,2023-08-15,1471,0,12294
5715,1783,2023-09-14,1253,0,11041
5716,1784,2022-06-25,938,15,4588
5717,1784,2022-07-25,430,15,4158
5718,1784,2022-08-24,1243,0,2915
5719,1785,2021-12-23,763,0,7461
5720,1785,2022-01-22,754,0,6707
5721,1785,2022-02-21,634,0,6073
5722,1785,2022-03-23,626,0,5447
5723,1786,2021-09-04,1294,30,15242
5724,1786,2021-10-04,557,0,14685
5725,1786,2021-11-03,997,0,13688
5726,1786,2021-12-03,1419,0,12269
5727,1786,2022-01-02,1203,0,11066
5728,1786,2022-02-01,604,0,10462
5729,1786,2022-03-03,956,0,9506
5730,1786,2022-04-02,561,0,8945
5731,1786,2022-05-02,1037,0,7908
5732,1786,2022-06-01,1186,0,6722
5733,1786,2022-07-01,390,0,6332
5734,1786,2022-07-31,600,0,5732
5735,1787,2021-11-27,951,0,32590
5736,1787,2021-12-27,317,0,32273
5737,1787,2022-01-26,1045,0,31228
5738,1787,2022-02-25,1145,0,30083
5739,1787,2022-03-27,1155,0,28928
5740,1787,2022-04-26,898,0,28030
5741,1788,2021-06-11,515,0,18032
5742,1788,2021-07-11,850,0,17182
5743,1788,2021-08-10,1132,0,16050
5744,1788,2021-09-09,786,0,15264
5745,1788,2021-10-09,922,0,14342
5746,1788,2021-11-08,1020,0,13322
5747,1789,2023-04-14,1312,0,38219
5748,1789,2023-05-14,599,0,37620
5749,1789,2023-06-13,674,0,36946
5750,1789,2023-07-13,937,0,36009
5751,1789,2023-08-12,1260,0,34749
5752,1790,2021-04-10,377,0,13335
5753,1790,2021-05-10,493,0,12842
5754,1790,2021-06-09,586,0,12256
5755,1790,2021-07-09,549,5,11707
5756,1790,2021-08-08,835,60,10872
5757,1790,2021-09-07,1406,15,9466
5758,1790,2021-10-07,990,60,8476
5759,1790,2021-11-06,1017,0,7459
5760,1790,2021-12-06,407,0,7052
5761,1790,2022-01-05,1490,0,5562
5762,1790,2022-02-04,825,5,4737
5763,1790,2022-03-06,1463,0,3274
5764,1791,2021-10-09,645,0,42920
5765,1791,2021-11-08,629,0,42291
5766,1791,2021-12-08,435,0,41856
5767,1791,2022-01-07,1151,0,40705
5768,1791,2022-02-06,1170,0,39535
5769,1791,2022-03-08,934,0,38601
5770,1791,2022-04-07,1340,0,37261
5771,1791,2022-05-07,781,0,36480
5772,1792,2022-03-21,584,0,13624
5773,1792,2022-04-20,1091,5,12533
5774,1792,2022-05-20,1040,0,11493
5775,1793,2023-03-28,1181,0,8928
5776,1793,2023-04-27,487,0,8441
5777,1793,2023-05-27,1286,0,7155
5778,1793,2023-06-26,1093,0,6062
5779,1793,2023-07-26,691,0,5371
5780,1793,2023-08-25,971,0,4400
5781,1793,2023-09-24,1499,0,2901
5782,1794,2022-04-20,1287,0,38914
5783,1794,2022-05-20,303,0,38611
5784,1794,2022-06-19,834,0,37777
5785,1795,2023-06-25,945,5,21022
5786,1795,2023-07-25,856,0,20166
5787,1795,2023-08-24,1169,0,18997
5788,1795,2023-09-23,328,5,18669
5789,1795,2023-10-23,907,60,17762
5790,1795,2023-11-22,866,60,16896
5791,1796,2021-07-31,1157,0,33602
5792,1796,2021-08-30,1268,0,32334
5793,1796,2021-09-29,1405,0,30929
5794,1796,2021-10-29,740,0,30189
5795,1796,2021-11-28,670,0,29519
5796,1796,2021-12-28,1294,0,28225
5797,1797,2021-07-16,865,0,24307
5798,1797,2021-08-15,337,0,23970
5799,1797,2021-09-14,1041,0,22929
5800,1797,2021-10-14,504,0,22425
5801,1797,2021-11-13,1242,0,21183
5802,1798,2021-05-01,1223,0,40712
5803,1798,2021-05-31,709,0,40003
5804,1798,2021-06-30,367,0,39636
5805,1799,2023-01-14,1029,0,30560
5806,1799,2023-02-13,685,0,29875
5807,1799,2023-03-15,704,0,29171
5808,1799,2023-04-14,514,0,28657
5809,1799,2023-05-14,1051,0,27606
5810,1799,2023-06-13,1421,0,26185
5811,1799,2023-07-13,965,15,25220
5812,1799,2023-08-12,834,15,24386
5813,1799,2023-09-11,627,0,23759
5814,1799,2023-10-11,1439,0,22320
5815,1799,2023-11-10,1355,0,20965
5816,1800,2023-06-07,592,0,34423
5817,1800,2023-07-07,1256,0,33167
5818,1800,2023-08-06,715,0,32452
5819,1801,2022-07-15,1217,0,32792
5820,1801,2022-08-14,1256,0,31536
5821,1801,2022-09-13,1370,0,30166
5822,1801,2022-10-13,905,0,29261
5823,1801,2022-11-12,725,0,28536
5824,1801,2022-12-12,1090,0,27446
5825,1801,2023-01-11,1040,0,26406
5826,1801,2023-02-10,622,0,25784
5827,1801,2023-03-12,842,0,24942
5828,1802,2021-03-10,330,0,22443
5829,1802,2021-04-09,714,0,21729
5830,1802,2021-05-09,1369,0,20360
5831,1802,2021-06-08,674,60,19686
5832,1802,2021-07-08,857,0,18829
5833,1802,2021-08-07,1428,0,17401
5834,1802,2021-09-06,1400,30,16001
5835,1803,2021-06-05,877,0,45248
5836,1803,2021-07-05,357,0,44891
5837,1803,2021-08-04,1390,0,43501
5838,1803,2021-09-03,534,0,42967
5839,1803,2021-10-03,1377,30,41590
5840,1803,2021-11-02,411,0,41179
5841,1803,2021-12-02,775,0,40404
5842,1803,2022-01-01,589,0,39815
5843,1803,2022-01-31,881,0,38934
5844,1804,2022-04-26,1101,0,30042
5845,1804,2022-05-26,648,0,29394
5846,1804,2022-06-25,441,0,28953
5847,1804,2022-07-25,1170,0,27783
5848,1804,2022-08-24,822,0,26961
5849,1804,2022-09-23,1209,0,25752
5850,1804,2022-10-23,509,0,25243
5851,1804,2022-11-22,1324,0,23919
5852,1804,2022-12-22,680,0,23239
5853,1805,2021-07-22,1373,0,9781
5854,1805,2021-08-21,331,0,9450
5855,1805,2021-09-20,1349,0,8101
5856,1805,2021-10-20,1384,0,6717
5857,1805,2021-11-19,1453,0,5264
5858,1805,2021-12-19,497,0,4767
5859,1805,2022-01-18,993,0,3774
5860,1805,2022-02-17,446,0,3328
5861,1805,2022-03-19,347,5,2981
5862,1805,2022-04-18,1495,0,1486
5863,1805,2022-05-18,675,0,811
5864,1805,2022-06-17,811,15,0
5865,1806,2022-11-14,1204,0,25600
5866,1806,2022-12-14,1305,5,24295
5867,1806,2023-01-13,368,0,23927
5868,1806,2023-02-12,400,0,23527
5869,1806,2023-03-14,1213,5,22314
5870,1806,2023-04-13,459,30,21855
5871,1807,2023-02-23,1057,0,45631
5872,1807,2023-03-25,1031,0,44600
5873,1807,2023-04-24,1094,0,43506
5874,1807,2023-05-24,1471,0,42035
5875,1807,2023-06-23,402,0,41633
5876,1807,2023-07-23,1274,0,40359
5877,1807,2023-08-22,418,0,39941
5878,1807,2023-09-21,328,0,39613
5879,1807,2023-10-21,1353,0,38260
5880,1807,2023-11-20,1099,0,37161
5881,1808,2021-09-07,734,0,24847
5882,1808,2021-10-07,354,0,24493
5883,1808,2021-11-06,1051,60,23442
5884,1808,2021-12-06,1412,0,22030
5885,1808,2022-01-05,617,15,21413
5886,1809,2022-10-30,764,0,34323
5887,1809,2022-11-29,999,0,33324
5888,1809,2022-12-29,1034,0,32290
5889,1809,2023-01-28,1067,0,31223
5890,1809,2023-02-27,1043,5,30180
5891,1809,2023-03-29,353,0,29827
5892,1809,2023-04-28,389,0,29438
5893,1810,2021-03-29,707,30,37274
5894,1810,2021-04-28,665,0,36609
5895,1810,2021-05-28,1482,0,35127
5896,1810,2021-06-27,1283,0,33844
5897,1810,2021-07-27,920,0,32924
5898,1810,2021-08-26,1419,0,31505
5899,1810,2021-09-25,1274,0,30231
5900,1810,2021-10-25,1105,0,29126
5901,1810,2021-11-24,1076,0,28050
5902,1810,2021-12-24,822,5,27228
5903,1810,2022-01-23,958,0,26270
5904,1810,2022-02-22,381,0,25889
5905,1811,2022-11-21,1457,0,7305
5906,1811,2022-12-21,867,0,6438
5907,1811,2023-01-20,1391,0,5047
5908,1811,2023-02-19,1163,0,3884
5909,1811,2023-03-21,1078,0,2806
5910,1812,2022-05-21,613,0,14155
5911,1812,2022-06-20,683,0,13472
5912,1812,2022-07-20,576,0,12896
5913,1812,2022-08-19,997,0,11899
5914,1812,2022-09-18,1329,0,10570
5915,1812,2022-10-18,923,0,9647
5916,1812,2022-11-17,316,0,9331
5917,1812,2022-12-17,991,0,8340
5918,1813,2022-05-01,369,5,48039
5919,1813,2022-05-31,1375,0,46664
5920,1813,2022-06-30,1205,0,45459
5921,1813,2022-07-30,875,0,44584
5922,1813,2022-08-29,424,0,44160
5923,1813,2022-09-28,1158,0,43002
5924,1813,2022-10-28,431,15,42571
5925,1813,2022-11-27,780,0,41791
5926,1814,2023-05-09,1241,0,43258
5927,1814,2023-06-08,1067,0,42191
5928,1814,2023-07-08,442,0,41749
5929,1815,2023-07-14,676,0,42883
5930,1815,2023-08-13,1107,15,41776
5931,1815,2023-09-12,1358,0,40418
5932,1815,2023-10-12,852,30,39566
5933,1815,2023-11-11,356,0,39210
5934,1815,2023-12-11,534,0,38676
5935,1816,2022-01-26,1499,0,12284
5936,1816,2022-02-25,788,0,11496
5937,1816,2022-03-27,931,0,10565
5938,1816,2022-04-26,516,0,10049
5939,1816,2022-05-26,1037,0,9012
5940,1816,2022-06-25,1349,0,7663
5941,1816,2022-07-25,1325,0,6338
5942,1816,2022-08-24,449,0,5889
5943,1816,2022-09-23,767,0,5122
5944,1816,2022-10-23,607,0,4515
5945,1816,2022-11-22,1221,0,3294
5946,1816,2022-12-22,1223,0,2071
5947,1817,2021-01-31,808,0,33973
5948,1817,2021-03-02,592,0,33381
5949,1817,2021-04-01,513,0,32868
5950,1817,2021-05-01,1338,0,31530
5951,1817,2021-05-31,1064,0,30466
5952,1817,2021-06-30,933,0,29533
5953,1817,2021-07-30,960,0,28573
5954,1817,2021-08-29,893,0,27680
5955,1817,2021-09-28,545,0,27135
5956,1817,2021-10-28,851,0,26284
5957,1817,2021-11-27,1140,0,25144
5958,1817,2021-12-27,834,0,24310
5959,1818,2022-02-21,1226,0,34585
5960,1818,2022-03-23,1125,0,33460
5961,1818,2022-04-22,1353,0,32107
5962,1818,2022-05-22,478,0,31629
5963,1818,2022-06-21,933,0,30696
5964,1818,2022-07-21,611,0,30085
5965,1819,2022-01-13,824,0,39664
5966,1819,2022-02-12,1425,0,38239
5967,1819,2022-03-14,1187,0,37052
5968,1819,2022-04-13,761,0,36291
5969,1819,2022-05-13,403,15,35888
5970,1820,2021-08-08,768,0,13137
5971,1820,2021-09-07,1169,0,11968
5972,1820,2021-10-07,1104,0,10864
5973,1820,2021-11-06,630,0,10234
5974,1820,2021-12-06,500,0,9734
5975,1821,2022-06-19,1125,0,13002
5976,1821,2022-07-19,1163,0,11839
5977,1821,2022-08-18,332,15,11507
5978,1821,2022-09-17,406,0,11101
5979,1822,2021-08-09,478,0,26953
5980,1822,2021-09-08,936,0,26017
5981,1822,2021-10-08,962,0,25055
5982,1822,2021-11-07,334,0,24721
5983,1822,2021-12-07,613,0,24108
5984,1822,2022-01-06,1026,0,23082
5985,1822,2022-02-05,868,0,22214
5986,1822,2022-03-07,875,0,21339
5987,1822,2022-04-06,668,0,20671
5988,1823,2022-06-22,1283,0,10085
5989,1823,2022-07-22,1444,0,8641
5990,1823,2022-08-21,1182,30,7459
5991,1823,2022-09-20,399,0,7060
5992,1823,2022-10-20,1005,0,6055
5993,1823,2022-11-19,866,0,5189
5994,1823,2022-12-19,1321,0,3868
5995,1824,2022-02-03,998,0,31426
5996,1824,2022-03-05,1452,15,29974
5997,1824,2022-04-04,688,0,29286
5998,1824,2022-05-04,1217,0,28069
5999,1824,2022-06-03,1389,0,26680
6000,1824,2022-07-03,620,0,26060
6001,1824,2022-08-02,1027,0,25033
6002,1824,2022-09-01,509,0,24524
6003,1825,2022-03-15,876,0,22457
6004,1825,2022-04-14,1089,0,21368
6005,1825,2022-05-14,462,30,20906
6006,1825,2022-06-13,649,60,20257
6007,1826,2023-05-04,725,0,27391
6008,1826,2023-06-03,554,0,26837
6009,1826,2023-07-03,743,0,26094
6010,1826,2023-08-02,823,0,25271
6011,1826,2023-09-01,345,15,24926
6012,1826,2023-10-01,1056,0,23870
6013,1827,2021-05-27,1403,0,46798
6014,1827,2021-06-26,863,0,45935
6015,1827,2021-07-26,1139,0,44796
6016,1827,2021-08-25,524,0,44272
6017,1828,2021-06-13,394,0,20131
6018,1828,2021-07-13,1248,15,18883
6019,1828,2021-08-12,365,15,18518
6020,1828,2021-09-11,964,0,17554
6021,1828,2021-10-11,1136,0,16418
6022,1828,2021-11-10,479,0,15939
6023,1828,2021-12-10,1391,0,14548
6024,1828,2022-01-09,501,0,14047
6025,1828,2022-02-08,1338,0,12709
6026,1828,2022-03-10,1281,0,11428
6027,1828,2022-04-09,993,30,10435
6028,1828,2022-05-09,911,0,9524
6029,1829,2021-03-29,1497,0,26901
6030,1829,2021-04-28,543,0,26358
6031,1829,2021-05-28,950,5,25408
6032,1829,2021-06-27,1310,0,24098
6033,1829,2021-07-27,1341,0,22757
6034,1829,2021-08-26,997,0,21760
6035,1829,2021-09-25,566,0,21194
6036,1829,2021-10-25,1245,0,19949
6037,1830,2022-08-09,1350,0,36507
6038,1830,2022-09-08,459,0,36048
6039,1830,2022-10-08,842,15,35206
6040,1831,2022-12-16,1308,0,14053
6041,1831,2023-01-15,449,0,13604
6042,1831,2023-02-14,601,0,13003
6043,1831,2023-03-16,1064,0,11939
6044,1831,2023-04-15,1239,0,10700
6045,1831,2023-05-15,1328,0,9372
6046,1831,2023-06-14,1076,0,8296
6047,1831,2023-07-14,323,0,7973
6048,1831,2023-08-13,1269,0,6704
6049,1831,2023-09-12,402,15,6302
6050,1831,2023-10-12,1066,0,5236
6051,1832,2022-12-03,978,0,20391
6052,1832,2023-01-02,501,5,19890
6053,1832,2023-02-01,736,0,19154
6054,1832,2023-03-03,698,0,18456
6055,1832,2023-04-02,1375,15,17081
6056,1832,2023-05-02,886,0,16195
6057,1833,2021-07-22,354,0,7687
6058,1833,2021-08-21,1423,0,6264
6059,1833,2021-09-20,1269,15,4995
6060,1833,2021-10-20,1475,0,3520
6061,1834,2023-05-09,862,0,4243
6062,1834,2023-06-08,659,0,3584
6063,1834,2023-07-08,1168,0,2416
6064,1834,2023-08-07,327,0,2089
6065,1834,2023-09-06,1405,0,684
6066,1835,2023-04-25,879,0,13199
6067,1835,2023-05-25,732,0,12467
6068,1835,2023-06-24,517,0,11950
6069,1835,2023-07-24,1247,0,10703
6070,1835,2023-08-23,325,0,10378
6071,1835,2023-09-22,669,0,9709
6072,1835,2023-10-22,1183,0,8526
6073,1835,2023-11-21,640,0,7886
6074,1835,2023-12-21,906,0,6980
6075,1835,2024-01-20,725,0,6255
6076,1835,2024-02-19,622,0,5633
6077,1835,2024-03-20,883,0,4750
6078,1836,2021-06-28,955,0,29048
6079,1836,2021-07-28,374,0,28674
6080,1836,2021-08-27,1184,0,27490
6081,1836,2021-09-26,694,0,26796
6082,1836,2021-10-26,1303,0,25493
6083,1836,2021-11-25,599,5,24894
6084,1836,2021-12-25,811,0,24083
6085,1836,2022-01-24,1498,0,22585
6086,1836,2022-02-23,1361,0,21224
6087,1837,2021-04-20,403,0,10687
6088,1837,2021-05-20,549,0,10138
6089,1837,2021-06-19,896,0,9242
6090,1837,2021-07-19,370,0,8872
6091,1837,2021-08-18,1272,0,7600
6092,1837,2021-09-17,1337,0,6263
6093,1837,2021-10-17,613,0,5650
6094,1837,2021-11-16,784,0,4866
6095,1838,2023-07-05,545,0,43305
6096,1838,2023-08-04,542,0,42763
6097,1838,2023-09-03,829,0,41934
6098,1838,2023-10-03,1303,0,40631
6099,1838,2023-11-02,1059,0,39572
6100,1839,2021-08-31,1163,60,5762
6101,1839,2021-09-30,898,0,4864
6102,1839,2021-10-30,1108,0,3756
6103,1839,2021-11-29,978,0,2778
6104,1839,2021-12-29,740,0,2038
6105,1839,2022-01-28,1202,15,836
6106,1840,2021-08-21,917,0,22523
6107,1840,2021-09-20,822,0,21701
6108,1840,2021-10-20,653,0,21048
6109,1840,2021-11-19,1255,0,19793
6110,1840,2021-12-19,977,0,18816
6111,1841,2023-03-05,1155,15,43530
6112,1841,2023-04-04,1089,60,42441
6113,1841,2023-05-04,1197,60,41244
6114,1841,2023-06-03,1307,0,39937
6115,1842,2021-09-16,945,0,30070
6116,1842,2021-10-16,1037,0,29033
6117,1842,2021-11-15,1296,5,27737
6118,1842,2021-12-15,1380,0,26357
6119,1842,2022-01-14,539,0,25818
6120,1842,2022-02-13,1386,0,24432
6121,1842,2022-03-15,753,0,23679
6122,1842,2022-04-14,742,0,22937
6123,1842,2022-05-14,326,0,22611
6124,1842,2022-06-13,1009,0,21602
6125,1842,2022-07-13,1248,0,20354
6126,1842,2022-08-12,335,0,20019
6127,1843,2022-12-07,1095,0,37225
6128,1843,2023-01-06,1280,0,35945
6129,1843,2023-02-05,449,30,35496
6130,1843,2023-03-07,452,0,35044
6131,1843,2023-04-06,1144,0,33900
6132,1843,2023-05-06,579,0,33321
6133,1843,2023-06-05,1292,0,32029
6134,1843,2023-07-05,1103,0,30926
6135,1843,2023-08-04,677,0,30249
6136,1843,2023-09-03,1287,0,28962
6137,1843,2023-10-03,453,0,28509
6138,1844,2021-09-14,1354,0,28937
6139,1844,2021-10-14,670,0,28267
6140,1844,2021-11-13,542,0,27725
6141,1844,2021-12-13,1108,0,26617
6142,1844,2022-01-12,380,5,26237
6143,1844,2022-02-11,719,0,25518
6144,1844,2022-03-13,1380,0,24138
6145,1844,2022-04-12,1128,0,23010
6146,1844,2022-05-12,1103,0,21907
6147,1844,2022-06-11,1277,0,20630
6148,1844,2022-07-11,902,0,19728
6149,1845,2022-11-20,800,0,40879
6150,1845,2022-12-20,870,30,40009
6151,1845,2023-01-19,855,0,39154
6152,1845,2023-02-18,1192,0,37962
6153,1845,2023-03-20,354,15,37608
6154,1845,2023-04-19,376,0,37232
6155,1845,2023-05-19,1045,0,36187
6156,1845,2023-06-18,1199,0,34988
6157,1845,2023-07-18,526,0,34462
6158,1846,2022-07-16,1061,0,30228
6159,1846,2022-08-15,606,0,29622
6160,1846,2022-09-14,1291,0,28331
6161,1846,2022-10-14,429,0,27902
6162,1846,2022-11-13,954,0,26948
6163,1847,2022-04-16,893,60,7496
6164,1847,2022-05-16,503,0,6993
6165,1847,2022-06-15,322,0,6671
6166,1848,2022-03-08,443,0,30240
6167,1848,2022-04-07,623,0,29617
6168,1848,2022-05-07,573,0,29044
6169,1848,2022-06-06,424,0,28620
6170,1849,2021-03-18,1206,0,17423
6171,1849,2021-04-17,1003,0,16420
6172,1849,2021-05-17,1271,0,15149
6173,1849,2021-06-16,731,0,14418
6174,1849,2021-07-16,1158,0,13260
6175,1849,2021-08-15,1475,0,11785
6176,1850,2021-09-20,875,0,28951
6177,1850,2021-10-20,569,0,28382
6178,1850,2021-11-19,1423,0,26959
6179,1850,2021-12-19,737,0,26222
6180,1850,2022-01-18,1289,30,24933
6181,1850,2022-02-17,1211,0,23722
6182,1850,2022-03-19,314,0,23408
6183,1850,2022-04-18,1303,0,22105
6184,1851,2021-12-01,1298,0,38900
6185,1851,2021-12-31,414,0,38486
6186,1851,2022-01-30,1275,0,37211
6187,1851,2022-03-01,335,0,36876
6188,1851,2022-03-31,362,0,36514
6189,1852,2022-07-10,1489,0,30141
6190,1852,2022-08-09,807,0,29334
6191,1852,2022-09-08,961,0,28373
6192,1852,2022-10-08,983,0,27390
6193,1852,2022-11-07,326,0,27064
6194,1852,2022-12-07,1456,0,25608
6195,1852,2023-01-06,1080,0,24528
6196,1853,2021-06-22,1117,0,37109
6197,1853,2021-07-22,858,0,36251
6198,1853,2021-08-21,1412,0,34839
6199,1853,2021-09-20,539,0,34300
6200,1854,2022-03-21,984,0,36991
6201,1854,2022-04-20,542,0,36449
6202,1854,2022-05-20,912,30,35537
6203,1854,2022-06-19,1258,0,34279
6204,1854,2022-07-19,410,0,33869
6205,1854,2022-08-18,1049,0,32820
6206,1854,2022-09-17,1106,0,31714
6207,1854,2022-10-17,765,0,30949
6208,1854,2022-11-16,789,0,30160
6209,1854,2022-12-16,733,0,29427
6210,1854,2023-01-15,495,0,28932
6211,1855,2022-06-27,333,30,5566
6212,1855,2022-07-27,638,15,4928
6213,1855,2022-08-26,479,30,4449
6214,1855,2022-09-25,918,0,3531
6215,1855,2022-10-25,1477,0,2054
6216,1855,2022-11-24,551,0,1503
6217,1855,2022-12-24,1393,0,110
6218,1855,2023-01-23,110,5,0
6219,1856,2022-02-07,1371,30,15282
6220,1856,2022-03-09,373,0,14909
6221,1856,2022-04-08,841,0,14068
6222,1856,2022-05-08,555,0,13513
6223,1856,2022-06-07,1351,0,12162
6224,1856,2022-07-07,417,0,11745
6225,1857,2022-08-19,1148,0,31813
6226,1857,2022-09-18,615,0,31198
6227,1857,2022-10-18,743,0,30455
6228,1858,2023-07-05,927,0,20478
6229,1858,2023-08-04,881,0,19597
6230,1858,2023-09-03,1207,0,18390
6231,1859,2021-10-16,638,0,12963
6232,1859,2021-11-15,1435,0,11528
6233,1859,2021-12-15,718,0,10810
6234,1860,2022-11-17,384,0,38278
6235,1860,2022-12-17,425,30,37853
6236,1860,2023-01-16,603,0,37250
6237,1860,2023-02-15,1147,0,36103
6238,1860,2023-03-17,954,0,35149
6239,1860,2023-04-16,810,0,34339
6240,1860,2023-05-16,873,0,33466
6241,1860,2023-06-15,500,0,32966
6242,1861,2022-05-16,1370,0,36912
6243,1861,2022-06-15,429,0,36483
6244,1861,2022-07-15,731,0,35752
6245,1861,2022-08-14,839,0,34913
6246,1861,2022-09-13,857,0,34056
6247,1861,2022-10-13,1339,0,32717
6248,1861,2022-11-12,809,0,31908
6249,1862,2021-02-11,357,0,25931
6250,1862,2021-03-13,1337,5,24594
6251,1862,2021-04-12,542,0,24052
6252,1863,2021-12-26,1028,0,33517
6253,1863,2022-01-25,1481,0,32036
6254,1863,2022-02-24,1027,5,31009
6255,1863,2022-03-26,1381,0,29628
6256,1863,2022-04-25,786,0,28842
6257,1863,2022-05-25,667,0,28175
6258,1863,2022-06-24,506,5,27669
6259,1863,2022-07-24,1223,0,26446
6260,1863,2022-08-23,869,0,25577
6261,1863,2022-09-22,1420,0,24157
6262,1863,2022-10-22,439,60,23718
6263,1863,2022-11-21,1224,0,22494
6264,1864,2023-02-05,923,0,40954
6265,1864,2023-03-07,386,0,40568
6266,1864,2023-04-06,581,30,39987
6267,1864,2023-05-06,1397,0,38590
6268,1864,2023-06-05,1419,0,37171
6269,1865,2023-03-25,316,0,19997
6270,1865,2023-04-24,691,0,19306
6271,1865,2023-05-24,604,0,18702
6272,1865,2023-06-23,808,0,17894
6273,1865,2023-07-23,984,0,16910
6274,1865,2023-08-22,1156,0,15754
6275,1865,2023-09-21,600,0,15154
6276,1865,2023-10-21,1450,0,13704
6277,1866,2022-01-23,1010,0,19339
6278,1866,2022-02-22,451,15,18888
6279,1866,2022-03-24,395,0,18493
6280,1866,2022-04-23,1398,0,17095
6281,1866,2022-05-23,939,0,16156
6282,1866,2022-06-22,699,0,15457
6283,1866,2022-07-22,411,0,15046
6284,1866,2022-08-21,1461,0,13585
6285,1866,2022-09-20,1093,0,12492
6286,1866,2022-10-20,415,0,12077
6287,1867,2022-03-14,591,0,11588
6288,1867,2022-04-13,1314,0,10274
6289,1867,2022-05-13,884,0,9390
6290,1867,2022-06-12,326,0,9064
6291,1867,2022-07-12,1217,0,7847
6292,1867,2022-08-11,397,15,7450
6293,1867,2022-09-10,789,0,6661
6294,1867,2022-10-10,923,0,5738
6295,1868,2022-11-29,896,0,14430
6296,1868,2022-12-29,549,0,13881
6297,1868,2023-01-28,605,30,13276
6298,1868,2023-02-27,1362,0,11914
6299,1868,2023-03-29,482,15,11432
6300,1868,2023-04-28,329,0,11103
6301,1868,2023-05-28,1466,0,9637
6302,1868,2023-06-27,1304,0,8333
6303,1868,2023-07-27,1261,0,7072
6304,1868,2023-08-26,323,0,6749
6305,1868,2023-09-25,727,0,6022
6306,1869,2022-02-07,811,0,48744
6307,1869,2022-03-09,1411,0,47333
6308,1869,2022-04-08,1063,0,46270
6309,1869,2022-05-08,888,0,45382
6310,1869,2022-06-07,1118,0,44264
6311,1870,2021-02-07,935,30,5625
6312,1870,2021-03-09,1444,0,4181
6313,1870,2021-04-08,864,0,3317
6314,1870,2021-05-08,709,0,2608
6315,1870,2021-06-07,397,0,2211
6316,1870,2021-07-07,856,0,1355
6317,1870,2021-08-06,1355,0,0
6318,1871,2021-06-01,455,0,18157
6319,1871,2021-07-01,891,0,17266
6320,1871,2021-07-31,735,0,16531
6321,1872,2022-01-13,561,5,22089
6322,1872,2022-02-12,361,0,21728
6323,1872,2022-03-14,330,0,21398
6324,1872,2022-04-13,1101,15,20297
6325,1872,2022-05-13,607,0,19690
6326,1872,2022-06-12,633,0,19057
6327,1872,2022-07-12,972,30,18085
6328,1872,2022-08-11,1234,0,16851
6329,1872,2022-09-10,1489,0,15362
6330,1873,2022-12-07,418,0,31327
6331,1873,2023-01-06,769,0,30558
6332,1873,2023-02-05,1393,0,29165
6333,1873,2023-03-07,1075,0,28090
6334,1873,2023-04-06,480,0,27610
6335,1873,2023-05-06,346,0,27264
6336,1873,2023-06-05,933,0,26331
6337,1873,2023-07-05,888,0,25443
6338,1873,2023-08-04,609,0,24834
6339,1873,2023-09-03,1139,0,23695
6340,1874,2021-04-30,660,0,36230
6341,1874,2021-05-30,961,0,35269
6342,1874,2021-06-29,1184,0,34085
6343,1874,2021-07-29,1355,0,32730
6344,1874,2021-08-28,481,0,32249
6345,1874,2021-09-27,547,0,31702
6346,1874,2021-10-27,329,0,31373
6347,1874,2021-11-26,1172,0,30201
6348,1874,2021-12-26,1284,0,28917
6349,1874,2022-01-25,1036,0,27881
6350,1874,2022-02-24,467,0,27414
6351,1874,2022-03-26,872,0,26542
6352,1875,2022-11-09,859,15,24163
6353,1875,2022-12-09,996,0,23167
6354,1875,2023-01-08,1334,30,21833
6355,1876,2022-12-29,1311,0,8469
6356,1876,2023-01-28,1318,0,7151
6357,1876,2023-02-27,780,0,6371
6358,1876,2023-03-29,1416,0,4955
6359,1876,2023-04-28,1456,0,3499
6360,1876,2023-05-28,718,0,2781
6361,1876,2023-06-27,329,0,2452
6362,1876,2023-07-27,1384,0,1068
6363,1877,2021-12-12,747,0,22564
6364,1877,2022-01-11,1180,0,21384
6365,1877,2022-02-10,376,0,21008
6366,1877,2022-03-12,1243,0,19765
6367,1877,2022-04-11,765,5,19000
6368,1877,2022-05-11,1363,0,17637
6369,1878,2021-07-27,853,0,32527
6370,1878,2021-08-26,408,0,32119
6371,1878,2021-09-25,1302,0,30817
6372,1878,2021-10-25,722,0,30095
6373,1878,2021-11-24,734,0,29361
6374,1879,2022-07-24,825,0,48837
6375,1879,2022-08-23,1493,0,47344
6376,1879,2022-09-22,1174,0,46170
6377,1879,2022-10-22,372,0,45798
6378,1880,2023-02-01,905,0,6451
6379,1880,2023-03-03,846,0,5605
6380,1880,2023-04-02,1107,0,4498
6381,1880,2023-05-02,433,60,4065
6382,1880,2023-06-01,735,0,3330
6383,1880,2023-07-01,1229,0,2101
6384,1880,2023-07-31,434,0,1667
6385,1880,2023-08-30,1103,0,564
6386,1880,2023-09-29,379,0,185
6387,1880,2023-10-29,185,0,0
6388,1881,2023-06-18,667,60,9123
6389,1881,2023-07-18,1292,0,7831
6390,1881,2023-08-17,1317,0,6514
6391,1881,2023-09-16,848,0,5666
6392,1881,2023-10-16,913,30,4753
6393,1881,2023-11-15,531,0,4222
6394,1881,2023-12-15,710,0,3512
6395,1881,2024-01-14,988,0,2524
6396,1881,2024-02-13,1321,0,1203
6397,1881,2024-03-14,321,0,882
6398,1881,2024-04-13,575,60,307
6399,1882,2021-03-12,851,0,31060
6400,1882,2021-04-11,1395,0,29665
6401,1882,2021-05-11,1094,0,28571
6402,1882,2021-06-10,889,0,27682
6403,1883,2023-02-09,1040,0,28323
6404,1883,2023-03-11,446,30,27877
6405,1883,2023-04-10,964,0,26913
6406,1883,2023-05-10,1194,0,25719
6407,1883,2023-06-09,1486,0,24233
6408,1883,2023-07-09,626,0,23607
6409,1883,2023-08-08,309,0,23298
6410,1883,2023-09-07,482,0,22816
6411,1883,2023-10-07,305,0,22511
6412,1883,2023-11-06,510,0,22001
6413,1883,2023-12-06,1309,0,20692
6414,1883,2024-01-05,1069,0,19623
6415,1884,2023-01-04,1087,0,23962
6416,1884,2023-02-03,433,15,23529
6417,1884,2023-03-05,1270,0,22259
6418,1884,2023-04-04,1245,0,21014
6419,1884,2023-05-04,1472,0,19542
6420,1884,2023-06-03,1103,0,18439
6421,1884,2023-07-03,1125,0,17314
6422,1884,2023-08-02,1339,0,15975
6423,1885,2022-06-16,1247,0,13934
6424,1885,2022-07-16,778,5,13156
6425,1885,2022-08-15,1276,0,11880
6426,1885,2022-09-14,897,0,10983
6427,1885,2022-10-14,809,0,10174
6428,1885,2022-11-13,556,0,9618
6429,1885,2022-12-13,869,0,8749
6430,1885,2023-01-12,985,0,7764
6431,1885,2023-02-11,1015,0,6749
6432,1885,2023-03-13,1374,0,5375
6433,1885,2023-04-12,477,0,4898
6434,1885,2023-05-12,1262,0,3636
6435,1886,2021-06-24,841,0,43984
6436,1886,2021-07-24,313,0,43671
6437,1886,2021-08-23,917,0,42754
6438,1887,2021-08-19,662,0,20420
6439,1887,2021-09-18,1067,5,19353
6440,1887,2021-10-18,1340,0,18013
6441,1887,2021-11-17,1310,0,16703
6442,1888,2023-01-24,1366,0,4295
6443,1888,2023-02-23,649,0,3646
6444,1888,2023-03-25,1305,0,2341
6445,1888,2023-04-24,1261,0,1080
6446,1888,2023-05-24,1080,5,0
6447,1889,2022-05-06,1066,0,41346
6448,1889,2022-06-05,825,0,40521
6449,1889,2022-07-05,993,0,39528
6450,1889,2022-08-04,854,0,38674
6451,1889,2022-09-03,980,30,37694
6452,1889,2022-10-03,502,0,37192
6453,1889,2022-11-02,1199,0,35993
6454,1889,2022-12-02,1077,0,34916
6455,1889,2023-01-01,1128,0,33788
6456,1890,2023-02-01,402,0,7518
6457,1890,2023-03-03,415,60,7103
6458,1890,2023-04-02,763,0,6340
6459,1890,2023-05-02,1228,0,5112
6460,1890,2023-06-01,1106,0,4006
6461,1890,2023-07-01,859,0,3147
6462,1890,2023-07-31,826,30,2321
6463,1890,2023-08-30,1252,0,1069
6464,1890,2023-09-29,660,0,409
6465,1891,2023-02-21,887,0,29771
6466,1891,2023-03-23,425,0,29346
6467,1891,2023-04-22,562,0,28784
6468,1891,2023-05-22,301,0,28483
6469,1891,2023-06-21,605,0,27878
6470,1891,2023-07-21,827,0,27051
6471,1891,2023-08-20,970,0,26081
6472,1891,2023-09-19,651,0,25430
6473,1891,2023-10-19,1257,0,24173
6474,1891,2023-11-18,1020,0,23153
6475,1891,2023-12-18,1157,0,21996
6476,1892,2022-08-11,856,0,18169
6477,1892,2022-09-10,427,0,17742
6478,1892,2022-10-10,337,0,17405
6479,1892,2022-11-09,656,0,16749
6480,1892,2022-12-09,818,0,15931
6481,1892,2023-01-08,1324,0,14607
6482,1892,2023-02-07,900,0,13707
6483,1892,2023-03-09,1121,0,12586
6484,1892,2023-04-08,534,0,12052
6485,1892,2023-05-08,909,0,11143
6486,1892,2023-06-07,1299,15,9844
6487,1892,2023-07-07,684,0,9160
6488,1893,2022-07-31,1437,0,12509
6489,1893,2022-08-30,1431,0,11078
6490,1893,2022-09-29,443,0,10635
6491,1893,2022-10-29,355,0,10280
6492,1893,2022-11-28,1329,0,8951
6493,1893,2022-12-28,1173,0,7778
6494,1893,2023-01-27,910,0,6868
6495,1893,2023-02-26,1079,0,5789
6496,1893,2023-03-28,1396,0,4393
6497,1893,2023-04-27,564,0,3829
6498,1894,2021-10-10,309,0,33397
6499,1894,2021-11-09,1104,0,32293
6500,1894,2021-12-09,398,0,31895
6501,1894,2022-01-08,656,0,31239
6502,1894,2022-02-07,1227,0,30012
6503,1894,2022-03-09,305,0,29707
6504,1894,2022-04-08,780,15,28927
6505,1894,2022-05-08,1404,0,27523
6506,1895,2022-02-24,648,60,43356
6507,1895,2022-03-26,589,0,42767
6508,1895,2022-04-25,1255,0,41512
6509,1895,2022-05-25,687,0,40825
6510,1896,2022-09-16,589,0,20720
6511,1896,2022-10-16,488,30,20232
6512,1896,2022-11-15,1223,0,19009
6513,1896,2022-12-15,1059,0,17950
6514,1897,2023-07-02,493,0,37627
6515,1897,2023-08-01,462,0,37165
6516,1897,2023-08-31,1074,0,36091
6517,1897,2023-09-30,759,0,35332
6518,1897,2023-10-30,1273,0,34059
6519,1897,2023-11-29,542,0,33517
6520,1897,2023-12-29,1453,0,32064
6521,1897,2024-01-28,387,0,31677
6522,1897,2024-02-27,1284,30,30393
6523,1897,2024-03-28,715,0,29678
6524,1897,2024-04-27,981,0,28697
6525,1897,2024-05-27,1198,5,27499
6526,1898,2021-10-13,1499,0,33528
6527,1898,2021-11-12,1200,0,32328
6528,1898,2021-12-12,782,0,31546
6529,1898,2022-01-11,468,0,31078
6530,1898,2022-02-10,446,0,30632
6531,1898,2022-03-12,738,60,29894
6532,1898,2022-04-11,459,0,29435
6533,1898,2022-05-11,701,0,28734
6534,1898,2022-06-10,1341,5,27393
6535,1898,2022-07-10,627,0,26766
6536,1898,2022-08-09,738,0,26028
6537,1898,2022-09-08,685,0,25343
6538,1899,2023-01-09,1421,0,10584
6539,1899,2023-02-08,850,60,9734
6540,1899,2023-03-10,746,5,8988
6541,1899,2023-04-09,406,0,8582
6542,1899,2023-05-09,1203,0,7379
6543,1899,2023-06-08,843,0,6536
6544,1899,2023-07-08,579,0,5957
6545,1900,2023-04-25,419,5,5537
6546,1900,2023-05-25,1154,0,4383
6547,1900,2023-06-24,1405,0,2978
6548,1901,2022-04-25,1347,60,38492
6549,1901,2022-05-25,383,0,38109
6550,1901,2022-06-24,485,0,37624
6551,1901,2022-07-24,373,15,37251
6552,1901,2022-08-23,452,0,36799
6553,1901,2022-09-22,744,0,36055
6554,1902,2021-02-09,1127,0,12468
6555,1902,2021-03-11,1064,0,11404
6556,1902,2021-04-10,511,0,10893
6557,1902,2021-05-10,1491,0,9402
6558,1902,2021-06-09,1050,60,8352
6559,1902,2021-07-09,1466,0,6886
6560,1902,2021-08-08,1123,0,5763
6561,1902,2021-09-07,985,5,4778
6562,1902,2021-10-07,903,0,3875
6563,1902,2021-11-06,1017,0,2858
6564,1902,2021-12-06,814,5,2044
6565,1902,2022-01-05,513,0,1531
6566,1903,2023-05-04,557,0,17246
6567,1903,2023-06-03,993,0,16253
6568,1903,2023-07-03,1363,0,14890
6569,1904,2023-04-08,571,0,30392
6570,1904,2023-05-08,1383,0,29009
6571,1904,2023-06-07,1338,0,27671
6572,1904,2023-07-07,554,0,27117
6573,1905,2021-09-29,1454,15,39767
6574,1905,2021-10-29,1323,5,38444
6575,1905,2021-11-28,1253,15,37191
6576,1905,2021-12-28,1177,0,36014
6577,1905,2022-01-27,1335,0,34679
6578,1905,2022-02-26,1108,0,33571
6579,1905,2022-03-28,432,0,33139
6580,1905,2022-04-27,928,15,32211
6581,1905,2022-05-27,1072,0,31139
6582,1906,2021-10-08,644,0,43799
6583,1906,2021-11-07,1431,0,42368
6584,1906,2021-12-07,1405,0,40963
6585,1906,2022-01-06,1394,0,39569
6586,1906,2022-02-05,1141,0,38428
6587,1907,2023-06-26,1414,5,37309
6588,1907,2023-07-26,943,0,36366
6589,1907,2023-08-25,1148,15,35218
6590,1907,2023-09-24,639,5,34579
6591,1908,2021-02-04,762,5,43301
6592,1908,2021-03-06,314,0,42987
6593,1908,2021-04-05,507,0,42480
6594,1908,2021-05-05,907,0,41573
6595,1908,2021-06-04,459,0,41114
6596,1908,2021-07-04,1093,0,40021
6597,1908,2021-08-03,1456,0,38565
6598,1908,2021-09-02,908,0,37657
6599,1908,2021-10-02,1296,0,36361
6600,1909,2021-05-29,650,0,19632
6601,1909,2021-06-28,938,0,18694
6602,1909,2021-07-28,416,0,18278
6603,1909,2021-08-27,448,0,17830
6604,1910,2023-04-11,478,0,9225
6605,1910,2023-05-11,1275,0,7950
6606,1910,2023-06-10,1328,15,6622
6607,1910,2023-07-10,798,0,5824
6608,1910,2023-08-09,1115,5,4709
6609,1910,2023-09-08,1127,5,3582
6610,1910,2023-10-08,1460,0,2122
6611,1910,2023-11-07,894,5,1228
6612,1910,2023-12-07,692,0,536
6613,1910,2024-01-06,536,0,0
6614,1911,2022-02-08,951,0,10612
6615,1911,2022-03-10,451,30,10161
6616,1911,2022-04-09,378,0,9783
6617,1911,2022-05-09,398,0,9385
6618,1911,2022-06-08,1211,0,8174
6619,1911,2022-07-08,1001,0,7173
6620,1911,2022-08-07,1375,0,5798
6621,1911,2022-09-06,434,0,5364
6622,1911,2022-10-06,1435,0,3929
6623,1911,2022-11-05,1367,0,2562
6624,1911,2022-12-05,560,0,2002
6625,1911,2023-01-04,687,0,1315
6626,1912,2021-04-05,315,0,30534
6627,1912,2021-05-05,401,0,30133
6628,1912,2021-06-04,1230,0,28903
6629,1912,2021-07-04,317,0,28586
6630,1912,2021-08-03,1316,0,27270
6631,1912,2021-09-02,1420,0,25850
6632,1913,2021-06-25,1171,0,35689
6633,1913,2021-07-25,1156,0,34533
6634,1913,2021-08-24,892,0,33641
6635,1913,2021-09-23,1217,0,32424
6636,1913,2021-10-23,902,30,31522
6637,1914,2021-09-11,683,0,35902
6638,1914,2021-10-11,1265,15,34637
6639,1914,2021-11-10,338,0,34299
6640,1914,2021-12-10,708,0,33591
6641,1915,2021-09-26,383,0,26632
6642,1915,2021-10-26,1339,0,25293
6643,1915,2021-11-25,1137,0,24156
6644,1915,2021-12-25,1268,0,22888
6645,1915,2022-01-24,1026,0,21862
6646,1915,2022-02-23,702,0,21160
6647,1915,2022-03-25,1461,0,19699
6648,1915,2022-04-24,1021,0,18678
6649,1915,2022-05-24,592,0,18086
6650,1916,2021-07-26,1485,0,15518
6651,1916,2021-08-25,1406,5,14112
6652,1916,2021-09-24,838,0,13274
6653,1916,2021-10-24,818,0,12456
6654,1916,2021-11-23,1010,0,11446
6655,1916,2021-12-23,1341,0,10105
6656,1916,2022-01-22,1163,0,8942
6657,1917,2023-03-20,1175,0,47410
6658,1917,2023-04-19,565,0,46845
6659,1917,2023-05-19,659,0,46186
6660,1917,2023-06-18,516,60,45670
6661,1917,2023-07-18,1018,5,44652
6662,1917,2023-08-17,1252,0,43400
6663,1917,2023-09-16,1284,0,42116
6664,1917,2023-10-16,1476,0,40640
6665,1918,2023-06-02,586,0,31372
6666,1918,2023-07-02,795,0,30577
6667,1918,2023-08-01,841,5,29736
6668,1919,2021-11-08,1238,0,29779
6669,1919,2021-12-08,997,0,28782
6670,1919,2022-01-07,797,0,27985
6671,1919,2022-02-06,1021,30,26964
6672,1920,2021-04-03,1003,0,15168
6673,1920,2021-05-03,552,0,14616
6674,1920,2021-06-02,696,0,13920
6675,1920,2021-07-02,1352,5,12568
6676,1920,2021-08-01,1477,60,11091
6677,1920,2021-08-31,401,0,10690
6678,1921,2021-09-04,1283,5,15918
6679,1921,2021-10-04,311,0,15607
6680,1921,2021-11-03,1231,0,14376
6681,1921,2021-12-03,1458,15,12918
6682,1921,2022-01-02,755,0,12163
6683,1921,2022-02-01,730,0,11433
6684,1921,2022-03-03,946,0,10487
6685,1922,2023-06-03,494,0,33932
6686,1922,2023-07-03,761,0,33171
6687,1922,2023-08-02,335,0,32836
6688,1922,2023-09-01,1334,0,31502
6689,1922,2023-10-01,621,15,30881
6690,1922,2023-10-31,1316,0,29565
6691,1922,2023-11-30,861,0,28704
6692,1922,2023-12-30,1130,0,27574
6693,1922,2024-01-29,391,5,27183
6694,1922,2024-02-28,588,0,26595
6695,1922,2024-03-29,1376,0,25219
6696,1923,2023-05-07,773,0,22005
6697,1923,2023-06-06,569,0,21436
6698,1923,2023-07-06,1447,0,19989
6699,1923,2023-08-05,481,0,19508
6700,1923,2023-09-04,433,0,19075
6701,1924,2023-04-05,790,0,46439
6702,1924,2023-05-05,1287,15,45152
6703,1924,2023-06-04,1369,0,43783
6704,1924,2023-07-04,1319,0,42464
6705,1925,2022-12-20,761,0,25355
6706,1925,2023-01-19,480,0,24875
6707,1925,2023-02-18,1034,0,23841
6708,1925,2023-03-20,1268,0,22573
6709,1925,2023-04-19,783,0,21790
6710,1925,2023-05-19,638,0,21152
6711,1925,2023-06-18,565,0,20587
6712,1926,2022-05-06,1342,0,36955
6713,1926,2022-06-05,1225,0,35730
6714,1926,2022-07-05,729,0,35001
6715,1926,2022-08-04,1360,0,33641
6716,1926,2022-09-03,602,0,33039
6717,1926,2022-10-03,700,0,32339
6718,1926,2022-11-02,1162,0,31177
6719,1926,2022-12-02,464,0,30713
6720,1926,2023-01-01,1446,0,29267
6721,1926,2023-01-31,1317,0,27950
6722,1927,2022-10-02,481,0,23861
6723,1927,2022-11-01,1043,0,22818
6724,1927,2022-12-01,703,0,22115
6725,1927,2022-12-31,955,5,21160
6726,1927,2023-01-30,562,0,20598
6727,1927,2023-03-01,1171,15,19427
6728,1928,2021-05-15,1432,0,31058
6729,1928,2021-06-14,781,0,30277
6730,1928,2021-07-14,981,30,29296
6731,1928,2021-08-13,1493,0,27803
6732,1928,2021-09-12,938,0,26865
6733,1928,2021-10-12,661,0,26204
6734,1928,2021-11-11,869,0,25335
6735,1928,2021-12-11,501,0,24834
6736,1928,2022-01-10,1385,0,23449
6737,1928,2022-02-09,425,0,23024
6738,1928,2022-03-11,1145,0,21879
6739,1929,2021-05-09,792,0,24183
6740,1929,2021-06-08,871,0,23312
6741,1929,2021-07-08,1289,0,22023
6742,1929,2021-08-07,568,0,21455
6743,1929,2021-09-06,399,0,21056
6744,1929,2021-10-06,924,0,20132
6745,1929,2021-11-05,929,15,19203
6746,1930,2022-06-25,1115,0,30608
6747,1930,2022-07-25,646,0,29962
6748,1930,2022-08-24,837,15,29125
6749,1930,2022-09-23,721,0,28404
6750,1930,2022-10-23,356,0,28048
6751,1930,2022-11-22,1211,0,26837
6752,1930,2022-12-22,584,0,26253
6753,1930,2023-01-21,685,60,25568
6754,1930,2023-02-20,1139,0,24429
6755,1931,2022-02-19,692,0,27587
6756,1931,2022-03-21,1339,0,26248
6757,1931,2022-04-20,1055,0,25193
6758,1931,2022-05-20,1010,0,24183
6759,1931,2022-06-19,1487,0,22696
6760,1931,2022-07-19,611,0,22085
6761,1932,2022-03-11,321,0,17444
6762,1932,2022-04-10,1090,0,16354
6763,1932,2022-05-10,1048,0,15306
6764,1932,2022-06-09,830,0,14476
6765,1932,2022-07-09,1384,0,13092
6766,1932,2022-08-08,789,0,12303
6767,1932,2022-09-07,306,30,11997
6768,1932,2022-10-07,772,0,11225
6769,1932,2022-11-06,1111,0,10114
6770,1932,2022-12-06,1486,0,8628
6771,1932,2023-01-05,1488,0,7140
6772,1933,2023-05-03,1249,0,15312
6773,1933,2023-06-02,918,0,14394
6774,1933,2023-07-02,497,15,13897
6775,1933,2023-08-01,1237,0,12660
6776,1933,2023-08-31,515,0,12145
6777,1933,2023-09-30,1484,0,10661
6778,1933,2023-10-30,810,0,9851
6779,1933,2023-11-29,461,0,9390
6780,1933,2023-12-29,602,0,8788
6781,1933,2024-01-28,1313,0,7475
6782,1934,2022-07-02,1398,0,45501
6783,1934,2022-08-01,960,15,44541
6784,1934,2022-08-31,1220,0,43321
6785,1934,2022-09-30,1088,0,42233
6786,1934,2022-10-30,1056,15,41177
6787,1934,2022-11-29,1090,0,40087
6788,1934,2022-12-29,1471,0,38616
6789,1934,2023-01-28,1332,0,37284
6790,1934,2023-02-27,907,5,36377
6791,1934,2023-03-29,355,0,36022
6792,1935,2022-05-21,1092,0,4433
6793,1935,2022-06-20,788,0,3645
6794,1935,2022-07-20,1373,0,2272
6795,1935,2022-08-19,602,0,1670
6796,1935,2022-09-18,949,0,721
6797,1936,2023-01-09,461,0,27400
6798,1936,2023-02-08,542,0,26858
6799,1936,2023-03-10,708,0,26150
6800,1936,2023-04-09,1407,30,24743
6801,1936,2023-05-09,744,0,23999
6802,1936,2023-06-08,822,0,23177
6803,1936,2023-07-08,1042,5,22135
6804,1936,2023-08-07,1308,0,20827
6805,1936,2023-09-06,1336,0,19491
6806,1936,2023-10-06,664,0,18827
6807,1936,2023-11-05,493,0,18334
6808,1936,2023-12-05,356,0,17978
6809,1937,2023-06-12,416,0,37726
6810,1937,2023-07-12,898,0,36828
6811,1937,2023-08-11,1111,0,35717
6812,1937,2023-09-10,1487,0,34230
6813,1937,2023-10-10,322,0,33908
6814,1937,2023-11-09,901,30,33007
6815,1937,2023-12-09,1415,0,31592
6816,1938,2022-11-06,926,0,30990
6817,1938,2022-12-06,380,0,30610
6818,1938,2023-01-05,891,0,29719
6819,1938,2023-02-04,332,0,29387
6820,1938,2023-03-06,1299,0,28088
6821,1939,2023-06-19,451,0,49514
6822,1939,2023-07-19,1000,0,48514
6823,1939,2023-08-18,1034,0,47480
6824,1939,2023-09-17,964,0,46516
6825,1939,2023-10-17,752,0,45764
6826,1939,2023-11-16,1434,0,44330
6827,1939,2023-12-16,1038,0,43292
6828,1939,2024-01-15,1013,0,42279
6829,1939,2024-02-14,1264,0,41015
6830,1939,2024-03-15,648,0,40367
6831,1940,2023-03-12,1335,0,8313
6832,1940,2023-04-11,938,0,7375
6833,1940,2023-05-11,935,5,6440
6834,1940,2023-06-10,691,30,5749
6835,1941,2022-04-12,596,0,39537
6836,1941,2022-05-12,569,0,38968
6837,1941,2022-06-11,1398,60,37570
6838,1941,2022-07-11,878,0,36692
6839,1941,2022-08-10,795,0,35897
6840,1941,2022-09-09,924,0,34973
6841,1941,2022-10-09,1020,0,33953
6842,1942,2021-02-22,1261,0,34262
6843,1942,2021-03-24,830,15,33432
6844,1942,2021-04-23,1280,0,32152
6845,1942,2021-05-23,753,0,31399
6846,1942,2021-06-22,1465,0,29934
6847,1942,2021-07-22,1063,0,28871
6848,1942,2021-08-21,1197,0,27674
6849,1942,2021-09-20,1215,30,26459
6850,1942,2021-10-20,1449,5,25010
6851,1942,2021-11-19,1032,0,23978
6852,1942,2021-12-19,1388,0,22590
6853,1943,2022-08-18,683,60,33369
6854,1943,2022-09-17,1061,0,32308
6855,1943,2022-10-17,1185,0,31123
6856,1943,2022-11-16,895,0,30228
6857,1943,2022-12-16,1185,15,29043
6858,1944,2022-12-08,309,0,39105
6859,1944,2023-01-07,1378,0,37727
6860,1944,2023-02-06,479,0,37248
6861,1944,2023-03-08,750,0,36498
6862,1944,2023-04-07,693,0,35805
6863,1944,2023-05-07,732,0,35073
6864,1944,2023-06-06,1245,60,33828
6865,1945,2023-01-14,1207,0,36574
6866,1945,2023-02-13,1115,0,35459
6867,1945,2023-03-15,1006,5,34453
6868,1945,2023-04-14,1342,0,33111
6869,1945,2023-05-14,815,0,32296
6870,1945,2023-06-13,749,0,31547
6871,1945,2023-07-13,924,0,30623
6872,1945,2023-08-12,618,15,30005
6873,1945,2023-09-11,1447,0,28558
6874,1945,2023-10-11,787,0,27771
6875,1946,2022-05-03,1254,0,8345
6876,1946,2022-06-02,619,0,7726
6877,1946,2022-07-02,384,0,7342
6878,1946,2022-08-01,867,0,6475
6879,1946,2022-08-31,943,0,5532
6880,1946,2022-09-30,667,0,4865
6881,1947,2021-04-23,656,0,39390
6882,1947,2021-05-23,478,0,38912
6883,1947,2021-06-22,666,0,38246
6884,1947,2021-07-22,1127,0,37119
6885,1947,2021-08-21,445,0,36674
6886,1947,2021-09-20,386,0,36288
6887,1947,2021-10-20,614,0,35674
6888,1948,2021-06-24,1063,0,39860
6889,1948,2021-07-24,786,15,39074
6890,1948,2021-08-23,842,0,38232
6891,1948,2021-09-22,649,0,37583
6892,1948,2021-10-22,468,0,37115
6893,1949,2021-04-25,322,0,45767
6894,1949,2021-05-25,580,0,45187
6895,1949,2021-06-24,552,0,44635
6896,1949,2021-07-24,917,0,43718
6897,1949,2021-08-23,378,0,43340
6898,1949,2021-09-22,1433,0,41907
6899,1949,2021-10-22,627,0,41280
6900,1949,2021-11-21,989,0,40291
6901,1949,2021-12-21,846,0,39445
6902,1950,2021-04-18,1425,0,7389
6903,1950,2021-05-18,1408,0,5981
6904,1950,2021-06-17,984,0,4997
6905,1950,2021-07-17,355,0,4642
6906,1950,2021-08-16,365,0,4277
6907,1950,2021-09-15,1346,0,2931
6908,1950,2021-10-15,785,0,2146
6909,1950,2021-11-14,1187,0,959
6910,1950,2021-12-14,476,5,483
6911,1950,2022-01-13,483,0,0
6912,1951,2022-05-02,856,0,40128
6913,1951,2022-06-01,1008,0,39120
6914,1951,2022-07-01,396,30,38724
6915,1951,2022-07-31,1400,0,37324
6916,1951,2022-08-30,590,0,36734
6917,1951,2022-09-29,1188,15,35546
6918,1951,2022-10-29,847,0,34699
6919,1951,2022-11-28,1065,5,33634
6920,1952,2023-06-27,1045,0,30571
6921,1952,2023-07-27,1339,0,29232
6922,1952,2023-08-26,998,0,28234
6923,1952,2023-09-25,573,15,27661
6924,1952,2023-10-25,518,0,27143
6925,1952,2023-11-24,812,60,26331
6926,1952,2023-12-24,763,0,25568
6927,1952,2024-01-23,1416,0,24152
6928,1953,2021-01-31,1232,0,5881
6929,1953,2021-03-02,970,0,4911
6930,1953,2021-04-01,1067,30,3844
6931,1953,2021-05-01,1206,0,2638
6932,1953,2021-05-31,388,0,2250
6933,1953,2021-06-30,663,30,1587
6934,1953,2021-07-30,613,5,974
6935,1953,2021-08-29,974,60,0
6936,1954,2021-03-22,406,0,47600
6937,1954,2021-04-21,590,0,47010
6938,1954,2021-05-21,887,0,46123
6939,1954,2021-06-20,1276,0,44847
6940,1954,2021-07-20,1373,0,43474
6941,1954,2021-08-19,1021,0,42453
6942,1954,2021-09-18,1400,0,41053
6943,1955,2022-12-16,626,0,18134
6944,1955,2023-01-15,1169,0,16965
6945,1955,2023-02-14,734,0,16231
6946,1955,2023-03-16,888,0,15343
6947,1955,2023-04-15,868,0,14475
6948,1955,2023-05-15,1488,0,12987
6949,1955,2023-06-14,1371,0,11616
6950,1955,2023-07-14,1481,0,10135
6951,1956,2023-01-17,555,0,26372
6952,1956,2023-02-16,695,0,25677
6953,1956,2023-03-18,679,60,24998
6954,1957,2023-03-13,330,0,25609
6955,1957,2023-04-12,301,0,25308
6956,1957,2023-05-12,1458,0,23850
6957,1957,2023-06-11,563,0,23287
6958,1957,2023-07-11,998,0,22289
6959,1957,2023-08-10,1332,30,20957
6960,1957,2023-09-09,466,0,20491
6961,1957,2023-10-09,1197,0,19294
6962,1957,2023-11-08,541,5,18753
6963,1957,2023-12-08,1207,0,17546
6964,1957,2024-01-07,498,60,17048
6965,1958,2022-04-21,1412,0,36007
6966,1958,2022-05-21,1392,0,34615
6967,1958,2022-06-20,1483,0,33132
6968,1958,2022-07-20,1087,15,32045
6969,1958,2022-08-19,853,0,31192
6970,1958,2022-09-18,832,0,30360
6971,1958,2022-10-18,545,0,29815
6972,1958,2022-11-17,910,0,28905
6973,1958,2022-12-17,638,0,28267
6974,1958,2023-01-16,1293,0,26974
6975,1959,2022-04-24,992,0,16596
6976,1959,2022-05-24,1389,5,15207
6977,1959,2022-06-23,911,0,14296
6978,1959,2022-07-23,856,0,13440
6979,1959,2022-08-22,553,15,12887
6980,1959,2022-09-21,1027,0,11860
6981,1959,2022-10-21,800,15,11060
6982,1959,2022-11-20,306,0,10754
6983,1959,2022-12-20,958,0,9796
6984,1959,2023-01-19,351,0,9445
6985,1959,2023-02-18,817,0,8628
6986,1959,2023-03-20,1220,0,7408
6987,1960,2023-06-30,1200,0,39942
6988,1960,2023-07-30,1058,0,38884
6989,1960,2023-08-29,1373,5,37511
6990,1960,2023-09-28,1287,15,36224
6991,1960,2023-10-28,803,0,35421
6992,1960,2023-11-27,772,0,34649
6993,1960,2023-12-27,1157,0,33492
6994,1960,2024-01-26,1168,0,32324
6995,1960,2024-02-25,1176,0,31148
6996,1960,2024-03-26,771,0,30377
6997,1960,2024-04-25,1137,0,29240
6998,1960,2024-05-25,383,0,28857
6999,1961,2022-06-02,503,0,43695
7000,1961,2022-07-02,803,0,42892
7001,1961,2022-08-01,316,30,42576
7002,1961,2022-08-31,875,30,41701
7003,1961,2022-09-30,429,0,41272
7004,1961,2022-10-30,1249,0,40023
7005,1961,2022-11-29,515,0,39508
7006,1962,2023-04-10,1302,15,48436
7007,1962,2023-05-10,916,0,47520
7008,1962,2023-06-09,600,0,46920
7009,1963,2021-03-05,460,0,37937
7010,1963,2021-04-04,325,0,37612
7011,1963,2021-05-04,1298,15,36314
7012,1963,2021-06-03,1393,0,34921
7013,1963,2021-07-03,1095,0,33826
7014,1963,2021-08-02,362,0,33464
7015,1963,2021-09-01,1060,0,32404
7016,1963,2021-10-01,339,0,32065
7017,1964,2022-01-13,1176,0,20477
7018,1964,2022-02-12,1208,0,19269
7019,1964,2022-03-14,933,0,18336
7020,1964,2022-04-13,1138,0,17198
7021,1964,2022-05-13,1237,0,15961
7022,1964,2022-06-12,724,0,15237
7023,1965,2021-05-05,922,0,14909
7024,1965,2021-06-04,1462,0,13447
7025,1965,2021-07-04,721,30,12726
7026,1965,2021-08-03,1173,0,11553
7027,1965,2021-09-02,1285,0,10268
7028,1965,2021-10-02,984,0,9284
7029,1965,2021-11-01,674,0,8610
7030,1965,2021-12-01,1472,0,7138
7031,1965,2021-12-31,315,0,6823
7032,1965,2022-01-30,428,0,6395
7033,1965,2022-03-01,725,0,5670
7034,1965,2022-03-31,1043,0,4627
7035,1966,2021-04-12,778,60,9946
7036,1966,2021-05-12,343,5,9603
7037,1966,2021-06-11,1227,5,8376
7038,1966,2021-07-11,470,0,7906
7039,1966,2021-08-10,411,5,7495
7040,1967,2022-08-04,367,0,15716
7041,1967,2022-09-03,1191,5,14525
7042,1967,2022-10-03,1328,0,13197
7043,1967,2022-11-02,529,0,12668
7044,1968,2021-07-03,485,0,24331
7045,1968,2021-08-02,851,5,23480
7046,1968,2021-09-01,1463,0,22017
7047,1968,2021-10-01,446,0,21571
7048,1968,2021-10-31,735,0,20836
7049,1968,2021-11-30,359,0,20477
7050,1968,2021-12-30,703,0,19774
7051,1968,2022-01-29,1437,0,18337
7052,1968,2022-02-28,635,0,17702
7053,1968,2022-03-30,584,0,17118
7054,1968,2022-04-29,614,0,16504
7055,1969,2021-10-07,370,0,46870
7056,1969,2021-11-06,1421,0,45449
7057,1969,2021-12-06,1183,0,44266
7058,1969,2022-01-05,1230,0,43036
7059,1969,2022-02-04,1368,0,41668
7060,1969,2022-03-06,333,0,41335
7061,1969,2022-04-05,1456,0,39879
7062,1969,2022-05-05,1265,0,38614
7063,1969,2022-06-04,686,0,37928
7064,1969,2022-07-04,574,15,37354
7065,1970,2022-12-05,1269,0,10007
7066,1970,2023-01-04,831,0,9176
7067,1970,2023-02-03,1415,30,7761
7068,1970,2023-03-05,638,0,7123
7069,1971,2022-04-13,303,0,43360
7070,1971,2022-05-13,372,0,42988
7071,1971,2022-06-12,1067,0,41921
7072,1971,2022-07-12,1297,0,40624
7073,1971,2022-08-11,559,15,40065
7074,1971,2022-09-10,1082,30,38983
7075,1971,2022-10-10,502,0,38481
7076,1972,2021-05-28,662,60,18332
7077,1972,2021-06-27,1088,0,17244
7078,1972,2021-07-27,441,0,16803
7079,1972,2021-08-26,336,0,16467
7080,1972,2021-09-25,1219,0,15248
7081,1972,2021-10-25,864,60,14384
7082,1973,2023-03-12,568,0,27931
7083,1973,2023-04-11,1385,0,26546
7084,1973,2023-05-11,880,60,25666
7085,1973,2023-06-10,653,30,25013
7086,1974,2023-07-10,1134,0,26906
7087,1974,2023-08-09,1384,0,25522
7088,1974,2023-09-08,828,0,24694
7089,1974,2023-10-08,377,0,24317
7090,1974,2023-11-07,1188,0,23129
7091,1974,2023-12-07,1248,0,21881
7092,1974,2024-01-06,733,15,21148
7093,1974,2024-02-05,511,0,20637
7094,1974,2024-03-06,1025,0,19612
7095,1975,2021-12-02,583,0,47737
7096,1975,2022-01-01,1036,0,46701
7097,1975,2022-01-31,1231,0,45470
7098,1975,2022-03-02,790,0,44680
7099,1975,2022-04-01,1100,0,43580
7100,1975,2022-05-01,1465,0,42115
7101,1975,2022-05-31,597,0,41518
7102,1975,2022-06-30,1114,0,40404
7103,1975,2022-07-30,1227,0,39177
7104,1975,2022-08-29,1143,0,38034
7105,1976,2021-10-25,441,0,21518
7106,1976,2021-11-24,1122,30,20396
7107,1976,2021-12-24,1293,0,19103
7108,1976,2022-01-23,1393,0,17710
7109,1976,2022-02-22,784,0,16926
7110,1976,2022-03-24,850,0,16076
7111,1976,2022-04-23,1333,0,14743
7112,1976,2022-05-23,961,0,13782
7113,1976,2022-06-22,1420,0,12362
7114,1976,2022-07-22,397,30,11965
7115,1977,2021-03-25,1271,0,9828
7116,1977,2021-04-24,1211,0,8617
7117,1977,2021-05-24,351,0,8266
7118,1977,2021-06-23,340,0,7926
7119,1977,2021-07-23,338,0,7588
7120,1977,2021-08-22,920,0,6668
7121,1977,2021-09-21,1042,0,5626
7122,1977,2021-10-21,899,0,4727
7123,1977,2021-11-20,775,0,3952
7124,1977,2021-12-20,513,0,3439
7125,1978,2021-09-23,1070,0,46197
7126,1978,2021-10-23,394,0,45803
7127,1978,2021-11-22,829,0,44974
7128,1978,2021-12-22,461,0,44513
7129,1978,2022-01-21,847,0,43666
7130,1978,2022-02-20,351,0,43315
7131,1978,2022-03-22,391,0,42924
7132,1978,2022-04-21,656,0,42268
7133,1978,2022-05-21,1018,0,41250
7134,1978,2022-06-20,498,0,40752
7135,1978,2022-07-20,516,0,40236
7136,1979,2022-02-23,1102,0,23474
7137,1979,2022-03-25,802,0,22672
7138,1979,2022-04-24,665,0,22007
7139,1979,2022-05-24,923,0,21084
7140,1980,2023-02-03,1122,0,39824
7141,1980,2023-03-05,1050,0,38774
7142,1980,2023-04-04,1398,0,37376
7143,1981,2023-03-04,608,0,10508
7144,1981,2023-04-03,527,15,9981
7145,1981,2023-05-03,1320,0,8661
7146,1981,2023-06-02,754,0,7907
7147,1981,2023-07-02,814,0,7093
7148,1981,2023-08-01,587,0,6506
7149,1981,2023-08-31,1297,0,5209
7150,1982,2023-05-05,1446,0,19117
7151,1982,2023-06-04,1466,0,17651
7152,1982,2023-07-04,1432,0,16219
7153,1982,2023-08-03,335,0,15884
7154,1982,2023-09-02,1273,0,14611
7155,1982,2023-10-02,1317,5,13294
7156,1982,2023-11-01,1012,0,12282
7157,1982,2023-12-01,918,0,11364
7158,1982,2023-12-31,1167,15,10197
7159,1982,2024-01-30,872,0,9325
7160,1982,2024-02-29,1098,0,8227
7161,1982,2024-03-30,545,0,7682
7162,1983,2022-03-07,1416,0,30372
7163,1983,2022-04-06,832,0,29540
7164,1983,2022-05-06,536,0,29004
7165,1983,2022-06-05,978,0,28026
7166,1983,2022-07-05,429,0,27597
7167,1984,2022-10-16,1115,0,30813
7168,1984,2022-11-15,1181,30,29632
7169,1984,2022-12-15,804,60,28828
7170,1985,2023-03-08,433,0,40903
7171,1985,2023-04-07,946,0,39957
7172,1985,2023-05-07,318,0,39639
7173,1986,2021-11-29,655,0,14192
7174,1986,2021-12-29,522,15,13670
7175,1986,2022-01-28,1294,0,12376
7176,1986,2022-02-27,1345,0,11031
7177,1986,2022-03-29,1450,5,9581
7178,1987,2021-08-25,1451,0,29704
7179,1987,2021-09-24,828,0,28876
7180,1987,2021-10-24,1097,0,27779
7181,1987,2021-11-23,1221,0,26558
7182,1987,2021-12-23,1220,5,25338
7183,1987,2022-01-22,481,0,24857
7184,1987,2022-02-21,862,0,23995
7185,1987,2022-03-23,1254,0,22741
7186,1987,2022-04-22,1104,0,21637
7187,1988,2021-09-16,1447,0,17688
7188,1988,2021-10-16,1269,0,16419
7189,1988,2021-11-15,1258,0,15161
7190,1988,2021-12-15,1139,60,14022
7191,1988,2022-01-14,1453,0,12569
7192,1989,2023-06-02,1236,0,21538
7193,1989,2023-07-02,804,0,20734
7194,1989,2023-08-01,911,0,19823
7195,1989,2023-08-31,351,0,19472
7196,1989,2023-09-30,911,5,18561
7197,1989,2023-10-30,673,0,17888
7198,1989,2023-11-29,674,0,17214
7199,1989,2023-12-29,973,0,16241
7200,1989,2024-01-28,703,0,15538
7201,1989,2024-02-27,1031,0,14507
7202,1989,2024-03-28,382,15,14125
7203,1990,2022-08-31,1045,0,5697
7204,1990,2022-09-30,597,0,5100
7205,1990,2022-10-30,428,30,4672
7206,1990,2022-11-29,737,0,3935
7207,1990,2022-12-29,506,5,3429
7208,1990,2023-01-28,328,0,3101
7209,1990,2023-02-27,643,0,2458
7210,1991,2021-04-15,925,0,22384
7211,1991,2021-05-15,828,15,21556
7212,1991,2021-06-14,616,0,20940
7213,1992,2022-04-10,1162,0,4457
7214,1992,2022-05-10,524,0,3933
7215,1992,2022-06-09,367,15,3566
7216,1992,2022-07-09,1320,0,2246
7217,1992,2022-08-08,1155,0,1091
7218,1992,2022-09-07,1091,0,0
7219,1993,2021-05-13,1451,0,21207
7220,1993,2021-06-12,631,60,20576
7221,1993,2021-07-12,365,5,20211
7222,1993,2021-08-11,867,0,19344
7223,1993,2021-09-10,917,0,18427
7224,1993,2021-10-10,445,0,17982
7225,1993,2021-11-09,424,5,17558
7226,1993,2021-12-09,779,0,16779
7227,1993,2022-01-08,1014,0,15765
7228,1993,2022-02-07,1114,0,14651
7229,1993,2022-03-09,431,60,14220
7230,1993,2022-04-08,1475,0,12745
7231,1994,2022-03-28,1232,0,38475
7232,1994,2022-04-27,1207,30,37268
7233,1994,2022-05-27,747,0,36521
7234,1994,2022-06-26,854,0,35667
7235,1994,2022-07-26,911,0,34756
7236,1995,2023-01-04,807,15,24530
7237,1995,2023-02-03,684,0,23846
7238,1995,2023-03-05,1438,0,22408
7239,1995,2023-04-04,1442,0,20966
7240,1995,2023-05-04,820,0,20146
7241,1995,2023-06-03,444,0,19702
7242,1995,2023-07-03,999,0,18703
7243,1995,2023-08-02,430,0,18273
7244,1996,2023-03-05,812,0,20189
7245,1996,2023-04-04,731,15,19458
7246,1996,2023-05-04,698,0,18760
7247,1996,2023-06-03,694,30,18066
7248,1996,2023-07-03,1368,0,16698
7249,1996,2023-08-02,838,0,15860
7250,1996,2023-09-01,349,0,15511
7251,1997,2023-02-07,575,0,5393
7252,1997,2023-03-09,1014,0,4379
7253,1997,2023-04-08,1109,0,3270
7254,1997,2023-05-08,1227,0,2043
7255,1997,2023-06-07,336,0,1707
7256,1997,2023-07-07,333,15,1374
7257,1997,2023-08-06,511,0,863
7258,1998,2023-04-16,1281,0,29611
7259,1998,2023-05-16,595,0,29016
7260,1998,2023-06-15,899,0,28117
7261,1998,2023-07-15,510,0,27607
7262,1999,2021-12-02,666,0,29953
7263,1999,2022-01-01,871,0,29082
7264,1999,2022-01-31,1229,60,27853
7265,1999,2022-03-02,593,0,27260
7266,1999,2022-04-01,1355,0,25905
7267,1999,2022-05-01,857,0,25048
7268,1999,2022-05-31,882,0,24166
7269,1999,2022-06-30,899,0,23267
7270,1999,2022-07-30,641,0,22626
7271,2000,2021-05-08,465,0,4816
7272,2000,2021-06-07,940,0,3876
7273,2000,2021-07-07,906,0,2970
7274,2000,2021-08-06,1358,0,1612
7275,2000,2021-09-05,617,0,995
7276,2000,2021-10-05,995,0,0
7277,2001,2023-05-30,581,0,31839
7278,2001,2023-06-29,490,0,31349
7279,2001,2023-07-29,341,0,31008
7280,2002,2023-04-08,801,0,19559
7281,2002,2023-05-08,1049,0,18510
7282,2002,2023-06-07,1054,0,17456
7283,2002,2023-07-07,1286,0,16170
7284,2002,2023-08-06,947,0,15223
7285,2002,2023-09-05,542,0,14681
7286,2002,2023-10-05,518,0,14163
7287,2002,2023-11-04,312,0,13851
7288,2002,2023-12-04,1269,0,12582
7289,2003,2021-12-31,1390,0,42640
7290,2003,2022-01-30,976,0,41664
7291,2003,2022-03-01,1304,0,40360
7292,2003,2022-03-31,1117,0,39243
7293,2004,2023-06-08,1201,15,4857
7294,2004,2023-07-08,543,15,4314
7295,2004,2023-08-07,1070,0,3244
7296,2004,2023-09-06,644,0,2600
7297,2004,2023-10-06,337,0,2263
7298,2004,2023-11-05,591,0,1672
7299,2004,2023-12-05,1057,0,615
7300,2004,2024-01-04,615,30,0
7301,2005,2022-04-10,904,0,24773
7302,2005,2022-05-10,577,0,24196
7303,2005,2022-06-09,1283,0,22913
7304,2005,2022-07-09,1333,5,21580
7305,2005,2022-08-08,358,5,21222
7306,2005,2022-09-07,403,0,20819
7307,2005,2022-10-07,403,0,20416
7308,2005,2022-11-06,600,0,19816
7309,2005,2022-12-06,927,0,18889
7310,2005,2023-01-05,1407,60,17482
7311,2006,2022-04-22,386,0,15338
7312,2006,2022-05-22,642,0,14696
7313,2006,2022-06-21,395,5,14301
7314,2006,2022-07-21,1459,15,12842
7315,2006,2022-08-20,1183,0,11659
7316,2006,2022-09-19,903,5,10756
7317,2006,2022-10-19,747,0,10009
7318,2006,2022-11-18,998,0,9011
7319,2006,2022-12-18,1492,0,7519
7320,2006,2023-01-17,1434,0,6085
7321,2007,2021-12-04,1099,0,32305
7322,2007,2022-01-03,499,0,31806
7323,2007,2022-02-02,602,15,31204
7324,2007,2022-03-04,475,0,30729
7325,2007,2022-04-03,834,5,29895
7326,2007,2022-05-03,682,0,29213
7327,2007,2022-06-02,633,0,28580
7328,2007,2022-07-02,1429,0,27151
7329,2007,2022-08-01,984,0,26167
7330,2008,2021-10-06,917,0,42029
7331,2008,2021-11-05,715,0,41314
7332,2008,2021-12-05,936,0,40378
7333,2008,2022-01-04,646,0,39732
7334,2008,2022-02-03,811,0,38921
7335,2009,2021-07-15,834,0,43914
7336,2009,2021-08-14,963,0,42951
7337,2009,2021-09-13,835,0,42116
7338,2009,2021-10-13,1307,0,40809
7339,2009,2021-11-12,939,0,39870
7340,2009,2021-12-12,1455,0,38415
7341,2010,2022-05-26,341,60,34515
7342,2010,2022-06-25,1448,0,33067
7343,2010,2022-07-25,512,0,32555
7344,2010,2022-08-24,1135,0,31420
7345,2010,2022-09-23,379,15,31041
7346,2010,2022-10-23,1201,0,29840
7347,2010,2022-11-22,1218,0,28622
7348,2010,2022-12-22,464,0,28158
7349,2010,2023-01-21,1292,0,26866
7350,2010,2023-02-20,1365,0,25501
7351,2011,2021-12-31,1054,0,13146
7352,2011,2022-01-30,1378,0,11768
7353,2011,2022-03-01,1180,0,10588
7354,2011,2022-03-31,984,30,9604
7355,2011,2022-04-30,1040,0,8564
7356,2012,2022-07-26,874,0,38123
7357,2012,2022-08-25,893,60,37230
7358,2012,2022-09-24,1362,0,35868
7359,2012,2022-10-24,791,0,35077
7360,2012,2022-11-23,1082,5,33995
7361,2012,2022-12-23,1307,0,32688
7362,2012,2023-01-22,519,0,32169
7363,2012,2023-02-21,1302,0,30867
7364,2012,2023-03-23,679,0,30188
7365,2013,2023-02-28,1042,0,29569
7366,2013,2023-03-30,365,0,29204
7367,2013,2023-04-29,646,15,28558
7368,2013,2023-05-29,358,0,28200
7369,2013,2023-06-28,1013,0,27187
7370,2014,2021-05-16,414,0,45821
7371,2014,2021-06-15,425,15,45396
7372,2014,2021-07-15,1264,0,44132
7373,2014,2021-08-14,1425,5,42707
7374,2014,2021-09-13,751,0,41956
7375,2015,2022-08-16,662,0,39395
7376,2015,2022-09-15,797,0,38598
7377,2015,2022-10-15,315,0,38283
7378,2016,2021-04-21,919,0,5320
7379,2016,2021-05-21,599,30,4721
7380,2016,2021-06-20,891,0,3830
7381,2016,2021-07-20,1213,0,2617
7382,2016,2021-08-19,1220,0,1397
7383,2016,2021-09-18,1397,0,0
7384,2017,2021-06-12,952,0,42186
7385,2017,2021-07-12,695,0,41491
7386,2017,2021-08-11,1351,0,40140
7387,2017,2021-09-10,1144,0,38996
7388,2018,2023-04-07,1482,0,3643
7389,2018,2023-05-07,1149,0,2494
7390,2018,2023-06-06,330,0,2164
7391,2018,2023-07-06,769,0,1395
7392,2018,2023-08-05,1395,0,0
7393,2019,2023-07-19,508,0,28349
7394,2019,2023-08-18,756,15,27593
7395,2019,2023-09-17,1173,0,26420
7396,2019,2023-10-17,427,15,25993
7397,2020,2021-06-17,1342,0,19056
7398,2020,2021-07-17,667,0,18389
7399,2020,2021-08-16,856,5,17533
7400,2020,2021-09-15,861,15,16672
7401,2021,2021-08-02,402,0,11236
7402,2021,2021-09-01,1085,60,10151
7403,2021,2021-10-01,1439,0,8712
7404,2022,2022-03-07,954,0,10616
7405,2022,2022-04-06,905,0,9711
7406,2022,2022-05-06,796,0,8915
7407,2022,2022-06-05,1117,0,7798
7408,2022,2022-07-05,539,0,7259
7409,2022,2022-08-04,1096,0,6163
7410,2023,2021-12-26,586,0,7663
7411,2023,2022-01-25,636,0,7027
7412,2023,2022-02-24,502,0,6525
7413,2023,2022-03-26,1380,0,5145
7414,2024,2023-03-26,579,0,13531
7415,2024,2023-04-25,765,0,12766
7416,2024,2023-05-25,1103,15,11663
7417,2024,2023-06-24,377,0,11286
7418,2024,2023-07-24,1153,0,10133
7419,2025,2022-06-22,1270,0,44093
7420,2025,2022-07-22,553,0,43540
7421,2025,2022-08-21,406,5,43134
7422,2025,2022-09-20,1241,60,41893
7423,2025,2022-10-20,1440,0,40453
7424,2025,2022-11-19,1200,0,39253
7425,2025,2022-12-19,755,0,38498
7426,2026,2023-06-01,1150,0,17455
7427,2026,2023-07-01,440,0,17015
7428,2026,2023-07-31,592,30,16423
7429,2026,2023-08-30,1354,0,15069
7430,2026,2023-09-29,504,0,14565
7431,2026,2023-10-29,590,0,13975
7432,2026,2023-11-28,672,5,13303
7433,2026,2023-12-28,561,0,12742
7434,2026,2024-01-27,454,30,12288
7435,2027,2021-04-09,334,0,16781
7436,2027,2021-05-09,954,0,15827
7437,2027,2021-06-08,1297,0,14530
7438,2027,2021-07-08,584,0,13946
7439,2027,2021-08-07,326,0,13620
7440,2027,2021-09-06,1147,0,12473
7441,2027,2021-10-06,342,0,12131
7442,2027,2021-11-05,456,0,11675
7443,2027,2021-12-05,763,0,10912
7444,2028,2022-07-30,1040,0,43022
7445,2028,2022-08-29,1228,0,41794
7446,2028,2022-09-28,1165,0,40629
7447,2028,2022-10-28,1261,0,39368
7448,2028,2022-11-27,1127,0,38241
7449,2028,2022-12-27,1448,0,36793
7450,2029,2023-03-15,1498,0,26413
7451,2029,2023-04-14,1168,15,25245
7452,2029,2023-05-14,1111,0,24134
7453,2029,2023-06-13,869,0,23265
7454,2029,2023-07-13,1161,60,22104
7455,2029,2023-08-12,1311,5,20793
7456,2029,2023-09-11,887,0,19906
7457,2029,2023-10-11,776,0,19130
7458,2029,2023-11-10,884,0,18246
7459,2030,2021-03-24,1077,0,42448
7460,2030,2021-04-23,1381,0,41067
7461,2030,2021-05-23,820,0,40247
7462,2031,2022-04-25,692,0,36864
7463,2031,2022-05-25,452,0,36412
7464,2031,2022-06-24,1283,0,35129
7465,2032,2021-08-23,1156,5,16439
7466,2032,2021-09-22,527,0,15912
7467,2032,2021-10-22,743,0,15169
7468,2032,2021-11-21,1198,0,13971
7469,2032,2021-12-21,1025,0,12946
7470,2032,2022-01-20,729,0,12217
7471,2033,2021-06-05,1296,0,5673
7472,2033,2021-07-05,668,0,5005
7473,2033,2021-08-04,999,0,4006
7474,2033,2021-09-03,817,0,3189
7475,2033,2021-10-03,860,0,2329
7476,2033,2021-11-02,359,0,1970
7477,2033,2021-12-02,602,0,1368
7478,2033,2022-01-01,582,0,786
7479,2034,2023-02-16,969,0,47784
7480,2034,2023-03-18,1370,0,46414
7481,2034,2023-04-17,1350,0,45064
7482,2034,2023-05-17,444,0,44620
7483,2034,2023-06-16,821,0,43799
7484,2034,2023-07-16,681,0,43118
7485,2034,2023-08-15,626,0,42492
7486,2034,2023-09-14,929,0,41563
7487,2034,2023-10-14,383,0,41180
7488,2034,2023-11-13,1494,0,39686
7489,2034,2023-12-13,723,0,38963
7490,2035,2021-03-14,1062,30,21213
7491,2035,2021-04-13,646,30,20567
7492,2035,2021-05-13,913,60,19654
7493,2035,2021-06-12,470,0,19184
7494,2035,2021-07-12,561,30,18623
7495,2035,2021-08-11,1202,0,17421
7496,2035,2021-09-10,384,0,17037
7497,2036,2023-02-21,499,0,8971
7498,2036,2023-03-23,539,0,8432
7499,2036,2023-04-22,1001,0,7431
7500,2037,2023-07-02,1020,0,14205
7501,2037,2023-08-01,684,0,13521
7502,2037,2023-08-31,1098,0,12423
7503,2037,2023-09-30,371,0,12052
7504,2037,2023-10-30,426,0,11626
7505,2037,2023-11-29,781,0,10845
7506,2037,2023-12-29,582,0,10263
7507,2037,2024-01-28,1387,0,8876
7508,2037,2024-02-27,623,0,8253
7509,2038,2021-05-21,640,0,46684
7510,2038,2021-06-20,1245,0,45439
7511,2038,2021-07-20,761,15,44678
7512,2039,2023-03-02,1097,0,45877
7513,2039,2023-04-01,461,0,45416
7514,2039,2023-05-01,564,0,44852
7515,2039,2023-05-31,419,0,44433
7516,2039,2023-06-30,971,0,43462
7517,2039,2023-07-30,408,0,43054
7518,2039,2023-08-29,1287,0,41767
7519,2040,2022-11-24,555,0,47204
7520,2040,2022-12-24,1331,0,45873
7521,2040,2023-01-23,340,0,45533
7522,2040,2023-02-22,412,0,45121
7523,2040,2023-03-24,1489,0,43632
7524,2040,2023-04-23,377,0,43255
7525,2041,2021-08-01,701,5,27495
7526,2041,2021-08-31,951,30,26544
7527,2041,2021-09-30,1365,0,25179
7528,2041,2021-10-30,605,0,24574
7529,2041,2021-11-29,1231,5,23343
7530,2041,2021-12-29,1476,0,21867
7531,2042,2023-05-28,1020,0,44267
7532,2042,2023-06-27,842,0,43425
7533,2042,2023-07-27,493,0,42932
7534,2042,2023-08-26,1369,0,41563
7535,2042,2023-09-25,1253,0,40310
7536,2042,2023-10-25,1248,0,39062
7537,2042,2023-11-24,348,0,38714
7538,2042,2023-12-24,906,0,37808
7539,2042,2024-01-23,309,5,37499
7540,2042,2024-02-22,815,0,36684
7541,2043,2021-05-05,717,0,17952
7542,2043,2021-06-04,308,0,17644
7543,2043,2021-07-04,682,0,16962
7544,2043,2021-08-03,775,0,16187
7545,2043,2021-09-02,1376,0,14811
7546,2043,2021-10-02,1285,0,13526
7547,2044,2022-02-08,353,0,42027
7548,2044,2022-03-10,643,60,41384
7549,2044,2022-04-09,1484,0,39900
7550,2045,2022-07-04,868,0,42138
7551,2045,2022-08-03,1074,0,41064
7552,2045,2022-09-02,1064,0,40000
7553,2045,2022-10-02,1447,0,38553
7554,2045,2022-11-01,1281,0,37272
7555,2045,2022-12-01,583,0,36689
7556,2045,2022-12-31,1123,0,35566
7557,2045,2023-01-30,1439,0,34127
7558,2045,2023-03-01,1190,0,32937
7559,2045,2023-03-31,433,0,32504
7560,2045,2023-04-30,1132,0,31372
7561,2045,2023-05-30,1194,0,30178
7562,2046,2023-07-19,1376,5,19201
7563,2046,2023-08-18,1374,0,17827
7564,2046,2023-09-17,1211,0,16616
7565,2047,2022-01-25,478,0,26995
7566,2047,2022-02-24,1487,5,25508
7567,2047,2022-03-26,1004,5,24504
7568,2047,2022-04-25,760,0,23744
7569,2047,2022-05-25,984,0,22760
7570,2047,2022-06-24,618,0,22142
7571,2047,2022-07-24,655,0,21487
7572,2047,2022-08-23,528,0,20959
7573,2047,2022-09-22,860,0,20099
7574,2047,2022-10-22,934,0,19165
7575,2047,2022-11-21,324,0,18841
7576,2047,2022-12-21,669,60,18172
7577,2048,2023-07-19,910,0,32715
7578,2048,2023-08-18,408,0,32307
7579,2048,2023-09-17,1019,15,31288
7580,2048,2023-10-17,731,15,30557
7581,2048,2023-11-16,935,0,29622
7582,2048,2023-12-16,1424,5,28198
7583,2049,2022-12-27,1224,0,19280
7584,2049,2023-01-26,655,0,18625
7585,2049,2023-02-25,1445,5,17180
7586,2049,2023-03-27,424,5,16756
7587,2049,2023-04-26,1074,0,15682
7588,2049,2023-05-26,993,0,14689
7589,2049,2023-06-25,1289,0,13400
7590,2049,2023-07-25,1211,0,12189
7591,2049,2023-08-24,1340,0,10849
7592,2049,2023-09-23,1189,5,9660
7593,2049,2023-10-23,538,0,9122
7594,2049,2023-11-22,1466,0,7656
7595,2050,2021-11-07,630,15,28459
7596,2050,2021-12-07,547,30,27912
7597,2050,2022-01-06,1239,0,26673
7598,2050,2022-02-05,829,5,25844
7599,2050,2022-03-07,427,0,25417
7600,2050,2022-04-06,1257,0,24160
7601,2050,2022-05-06,594,0,23566
7602,2050,2022-06-05,1182,0,22384
7603,2050,2022-07-05,371,0,22013
7604,2050,2022-08-04,894,0,21119
7605,2051,2021-08-13,1029,0,40458
7606,2051,2021-09-12,1442,0,39016
7607,2051,2021-10-12,1234,0,37782
7608,2051,2021-11-11,686,0,37096
7609,2051,2021-12-11,872,5,36224
7610,2051,2022-01-10,1169,0,35055
7611,2051,2022-02-09,846,0,34209
7612,2051,2022-03-11,854,30,33355
7613,2051,2022-04-10,826,0,32529
7614,2051,2022-05-10,923,0,31606
7615,2052,2023-06-13,1293,0,4009
7616,2052,2023-07-13,1421,0,2588
7617,2052,2023-08-12,469,30,2119
7618,2052,2023-09-11,624,0,1495
7619,2052,2023-10-11,559,0,936
7620,2052,2023-11-10,639,0,297
7621,2052,2023-12-10,297,0,0
7622,2053,2021-08-13,1483,0,34980
7623,2053,2021-09-12,916,0,34064
7624,2053,2021-10-12,643,0,33421
7625,2053,2021-11-11,345,0,33076
7626,2053,2021-12-11,354,0,32722
7627,2053,2022-01-10,1155,0,31567
7628,2053,2022-02-09,410,0,31157
7629,2053,2022-03-11,800,0,30357
7630,2053,2022-04-10,574,0,29783
7631,2053,2022-05-10,1386,0,28397
7632,2053,2022-06-09,1290,0,27107
7633,2053,2022-07-09,493,0,26614
7634,2054,2022-11-28,1098,15,48814
7635,2054,2022-12-28,1267,0,47547
7636,2054,2023-01-27,448,0,47099
7637,2054,2023-02-26,438,0,46661
7638,2054,2023-03-28,591,0,46070
7639,2054,2023-04-27,606,0,45464
7640,2054,2023-05-27,1197,15,44267
7641,2054,2023-06-26,643,0,43624
7642,2054,2023-07-26,560,0,43064
7643,2055,2021-05-03,959,0,33300
7644,2055,2021-06-02,881,0,32419
7645,2055,2021-07-02,694,0,31725
7646,2055,2021-08-01,327,0,31398
7647,2055,2021-08-31,931,0,30467
7648,2055,2021-09-30,827,0,29640
7649,2055,2021-10-30,1202,0,28438
7650,2055,2021-11-29,1106,15,27332
7651,2055,2021-12-29,326,0,27006
7652,2055,2022-01-28,388,0,26618
7653,2055,2022-02-27,421,0,26197
7654,2056,2022-12-03,902,0,46921
7655,2056,2023-01-02,824,0,46097
7656,2056,2023-02-01,333,0,45764
7657,2057,2021-04-01,1353,30,40855
7658,2057,2021-05-01,1211,0,39644
7659,2057,2021-05-31,1037,0,38607
7660,2057,2021-06-30,889,0,37718
7661,2057,2021-07-30,1358,60,36360
7662,2058,2022-10-26,1281,0,34378
7663,2058,2022-11-25,526,5,33852
7664,2058,2022-12-25,347,0,33505
7665,2058,2023-01-24,1288,0,32217
7666,2058,2023-02-23,1154,0,31063
7667,2058,2023-03-25,1060,0,30003
7668,2058,2023-04-24,887,0,29116
7669,2058,2023-05-24,553,5,28563
7670,2059,2021-03-22,1039,0,39801
7671,2059,2021-04-21,849,0,38952
7672,2059,2021-05-21,1107,0,37845
7673,2059,2021-06-20,863,30,36982
7674,2059,2021-07-20,1179,0,35803
7675,2060,2022-03-09,315,15,36575
7676,2060,2022-04-08,1425,0,35150
7677,2060,2022-05-08,806,0,34344
7678,2060,2022-06-07,1363,0,32981
7679,2060,2022-07-07,1058,0,31923
7680,2060,2022-08-06,1264,0,30659
7681,2060,2022-09-05,633,0,30026
7682,2060,2022-10-05,1060,0,28966
7683,2060,2022-11-04,1027,0,27939
7684,2061,2023-03-30,313,0,18285
7685,2061,2023-04-29,641,0,17644
7686,2061,2023-05-29,977,30,16667
7687,2061,2023-06-28,957,0,15710
7688,2062,2021-02-04,1439,0,23069
7689,2062,2021-03-06,1089,0,21980
7690,2062,2021-04-05,1399,0,20581
7691,2062,2021-05-05,1272,0,19309
7692,2062,2021-06-04,1314,0,17995
7693,2062,2021-07-04,818,15,17177
7694,2062,2021-08-03,928,0,16249
7695,2062,2021-09-02,1344,0,14905
7696,2062,2021-10-02,782,5,14123
7697,2063,2022-05-11,1173,0,46114
7698,2063,2022-06-10,939,0,45175
7699,2063,2022-07-10,1303,0,43872
7700,2063,2022-08-09,828,0,43044
7701,2063,2022-09-08,1268,0,41776
7702,2063,2022-10-08,987,0,40789
7703,2063,2022-11-07,967,0,39822
7704,2064,2022-09-26,1000,0,17380
7705,2064,2022-10-26,1259,0,16121
7706,2064,2022-11-25,864,0,15257
7707,2064,2022-12-25,371,0,14886
7708,2064,2023-01-24,386,0,14500
7709,2064,2023-02-23,580,0,13920
7710,2064,2023-03-25,1048,30,12872
7711,2064,2023-04-24,908,0,11964
7712,2064,2023-05-24,1419,0,10545
7713,2064,2023-06-23,420,0,10125
7714,2064,2023-07-23,631,0,9494
7715,2065,2022-12-13,1001,0,30983
7716,2065,2023-01-12,992,0,29991
7717,2065,2023-02-11,698,0,29293
7718,2065,2023-03-13,765,0,28528
7719,2065,2023-04-12,1482,0,27046
7720,2066,2023-05-09,325,0,49308
7721,2066,2023-06-08,562,5,48746
7722,2066,2023-07-08,1099,0,47647
7723,2066,2023-08-07,1017,60,46630
7724,2066,2023-09-06,1325,0,45305
7725,2066,2023-10-06,986,0,44319
7726,2066,2023-11-05,782,0,43537
7727,2066,2023-12-05,1355,0,42182
7728,2066,2024-01-04,316,0,41866
7729,2066,2024-02-03,380,0,41486
7730,2067,2022-07-18,1318,0,11807
7731,2067,2022-08-17,1079,0,10728
7732,2067,2022-09-16,721,0,10007
7733,2067,2022-10-16,382,0,9625
7734,2067,2022-11-15,624,0,9001
7735,2067,2022-12-15,1350,0,7651
7736,2067,2023-01-14,1280,15,6371
7737,2067,2023-02-13,1092,0,5279
7738,2067,2023-03-15,956,0,4323
7739,2067,2023-04-14,416,0,3907
7740,2068,2022-03-11,801,0,40258
7741,2068,2022-04-10,1423,60,38835
7742,2068,2022-05-10,963,60,37872
7743,2068,2022-06-09,1309,0,36563
7744,2068,2022-07-09,976,0,35587
7745,2068,2022-08-08,510,0,35077
7746,2068,2022-09-07,1185,0,33892
7747,2068,2022-10-07,817,0,33075
7748,2068,2022-11-06,1097,0,31978
7749,2068,2022-12-06,839,5,31139
7750,2068,2023-01-05,352,0,30787
7751,2069,2023-05-18,1145,0,7888
7752,2069,2023-06-17,352,0,7536
7753,2069,2023-07-17,751,0,6785
7754,2069,2023-08-16,1460,0,5325
7755,2069,2023-09-15,694,0,4631
7756,2069,2023-10-15,1470,0,3161
7757,2070,2022-06-27,562,5,42311
7758,2070,2022-07-27,829,0,41482
7759,2070,2022-08-26,784,5,40698
7760,2070,2022-09-25,614,0,40084
7761,2070,2022-10-25,537,15,39547
7762,2070,2022-11-24,968,0,38579
7763,2070,2022-12-24,477,0,38102
7764,2070,2023-01-23,1064,0,37038
7765,2070,2023-02-22,1202,0,35836
7766,2071,2022-11-06,468,0,21619
7767,2071,2022-12-06,877,0,20742
7768,2071,2023-01-05,1079,0,19663
7769,2072,2021-09-20,437,0,45464
7770,2072,2021-10-20,632,15,44832
7771,2072,2021-11-19,862,0,43970
7772,2072,2021-12-19,940,0,43030
7773,2072,2022-01-18,406,0,42624
7774,2072,2022-02-17,914,0,41710
7775,2073,2022-07-08,667,0,10037
7776,2073,2022-08-07,828,0,9209
7777,2073,2022-09-06,365,0,8844
7778,2073,2022-10-06,1233,0,7611
7779,2073,2022-11-05,630,0,6981
7780,2073,2022-12-05,1454,0,5527
7781,2073,2023-01-04,542,0,4985
7782,2073,2023-02-03,1340,0,3645
7783,2073,2023-03-05,1181,0,2464
7784,2073,2023-04-04,1314,0,1150
7785,2073,2023-05-04,1130,0,20
7786,2074,2022-01-11,1085,0,11763
7787,2074,2022-02-10,1367,0,10396
7788,2074,2022-03-12,1427,0,8969
7789,2074,2022-04-11,711,0,8258
7790,2074,2022-05-11,620,0,7638
7791,2074,2022-06-10,1117,0,6521
7792,2075,2021-03-17,1090,30,25502
7793,2075,2021-04-16,605,0,24897
7794,2075,2021-05-16,1192,0,23705
7795,2075,2021-06-15,1355,0,22350
7796,2075,2021-07-15,1256,0,21094
7797,2075,2021-08-14,540,0,20554
7798,2076,2022-07-30,1195,5,10729
7799,2076,2022-08-29,1055,0,9674
7800,2076,2022-09-28,900,0,8774
7801,2076,2022-10-28,898,15,7876
7802,2076,2022-11-27,1442,30,6434
7803,2076,2022-12-27,1403,15,5031
7804,2077,2021-04-18,1026,0,31182
7805,2077,2021-05-18,817,0,30365
7806,2077,2021-06-17,801,0,29564
7807,2077,2021-07-17,1113,0,28451
7808,2077,2021-08-16,1182,0,27269
7809,2077,2021-09-15,731,0,26538
7810,2077,2021-10-15,1247,0,25291
7811,2078,2023-01-30,1234,0,23380
7812,2078,2023-03-01,365,0,23015
7813,2078,2023-03-31,382,0,22633
7814,2078,2023-04-30,1076,0,21557
7815,2078,2023-05-30,1084,0,20473
7816,2078,2023-06-29,1436,0,19037
7817,2079,2023-04-23,822,0,4666
7818,2079,2023-05-23,504,0,4162
7819,2079,2023-06-22,618,0,3544
7820,2079,2023-07-22,1201,0,2343
7821,2079,2023-08-21,1077,0,1266
7822,2079,2023-09-20,837,0,429
7823,2079,2023-10-20,429,0,0
7824,2080,2021-04-13,541,5,44341
7825,2080,2021-05-13,1440,0,42901
7826,2080,2021-06-12,542,15,42359
7827,2080,2021-07-12,983,0,41376
7828,2080,2021-08-11,916,0,40460
7829,2080,2021-09-10,1162,0,39298
7830,2081,2023-04-04,427,0,30496
7831,2081,2023-05-04,847,15,29649
7832,2081,2023-06-03,1315,0,28334
7833,2081,2023-07-03,1411,0,26923
7834,2082,2021-10-06,350,0,40591
7835,2082,2021-11-05,1228,15,39363
7836,2082,2021-12-05,961,0,38402
7837,2082,2022-01-04,665,0,37737
7838,2082,2022-02-03,1297,60,36440
7839,2082,2022-03-05,557,0,35883
7840,2083,2021-03-18,971,0,33194
7841,2083,2021-04-17,1156,0,32038
7842,2083,2021-05-17,444,0,31594
7843,2083,2021-06-16,990,0,30604
7844,2083,2021-07-16,652,0,29952
7845,2083,2021-08-15,574,0,29378
7846,2083,2021-09-14,739,0,28639
7847,2083,2021-10-14,1171,0,27468
7848,2083,2021-11-13,333,0,27135
7849,2084,2021-05-31,1131,0,5536
7850,2084,2021-06-30,761,5,4775
7851,2084,2021-07-30,714,0,4061
7852,2084,2021-08-29,489,0,3572
7853,2084,2021-09-28,691,0,2881
7854,2084,2021-10-28,467,0,2414
7855,2084,2021-11-27,963,0,1451
7856,2084,2021-12-27,680,0,771
7857,2084,2022-01-26,771,0,0
7858,2085,2021-09-01,827,5,30386
7859,2085,2021-10-01,1465,0,28921
7860,2085,2021-10-31,364,0,28557
7861,2085,2021-11-30,1005,0,27552
7862,2085,2021-12-30,1323,0,26229
7863,2086,2021-09-26,1172,0,7942
7864,2086,2021-10-26,1330,0,6612
7865,2086,2021-11-25,1455,0,5157
7866,2086,2021-12-25,646,0,4511
7867,2087,2021-03-27,1034,30,40287
7868,2087,2021-04-26,842,15,39445
7869,2087,2021-05-26,883,0,38562
7870,2087,2021-06-25,827,0,37735
7871,2087,2021-07-25,1498,0,36237
7872,2087,2021-08-24,377,0,35860
7873,2088,2022-01-15,699,0,12062
7874,2088,2022-02-14,1000,0,11062
7875,2088,2022-03-16,1133,5,9929
7876,2088,2022-04-15,801,0,9128
7877,2088,2022-05-15,686,0,8442
7878,2088,2022-06-14,1417,0,7025
7879,2088,2022-07-14,760,0,6265
7880,2089,2021-05-17,793,0,35323
7881,2089,2021-06-16,1440,0,33883
7882,2089,2021-07-16,1146,0,32737
7883,2089,2021-08-15,825,0,31912
7884,2089,2021-09-14,776,0,31136
7885,2089,2021-10-14,823,0,30313
7886,2089,2021-11-13,1071,0,29242
7887,2089,2021-12-13,1159,0,28083
7888,2090,2023-05-11,1358,0,37410
7889,2090,2023-06-10,1470,15,35940
7890,2090,2023-07-10,1336,0,34604
7891,2090,2023-08-09,545,0,34059
7892,2090,2023-09-08,413,0,33646
7893,2090,2023-10-08,532,0,33114
7894,2090,2023-11-07,425,0,32689
7895,2090,2023-12-07,580,0,32109
7896,2090,2024-01-06,1202,15,30907
7897,2091,2021-03-19,691,0,29735
7898,2091,2021-04-18,515,30,29220
7899,2091,2021-05-18,415,0,28805
7900,2091,2021-06-17,570,0,28235
7901,2091,2021-07-17,1362,0,26873
7902,2091,2021-08-16,1366,0,25507
7903,2091,2021-09-15,468,30,25039
7904,2092,2022-08-26,961,5,21811
7905,2092,2022-09-25,1424,0,20387
7906,2092,2022-10-25,774,0,19613
7907,2092,2022-11-24,1383,30,18230
7908,2092,2022-12-24,830,0,17400
7909,2092,2023-01-23,1168,0,16232
7910,2093,2022-01-02,772,0,42446
7911,2093,2022-02-01,1251,30,41195
7912,2093,2022-03-03,1264,0,39931
7913,2094,2021-02-25,496,0,8216
7914,2094,2021-03-27,1276,0,6940
7915,2094,2021-04-26,797,0,6143
7916,2094,2021-05-26,761,0,5382
7917,2094,2021-06-25,1269,0,4113
7918,2094,2021-07-25,533,0,3580
7919,2094,2021-08-24,452,0,3128
7920,2094,2021-09-23,846,0,2282
7921,2094,2021-10-23,488,0,1794
7922,2095,2023-04-14,1152,0,5215
7923,2095,2023-05-14,489,0,4726
7924,2095,2023-06-13,531,5,4195
7925,2095,2023-07-13,536,0,3659
7926,2095,2023-08-12,678,0,2981
7927,2095,2023-09-11,749,0,2232
7928,2095,2023-10-11,1112,0,1120
7929,2095,2023-11-10,578,0,542
7930,2096,2021-10-14,1017,0,44940
7931,2096,2021-11-13,1334,0,43606
7932,2096,2021-12-13,737,0,42869
7933,2097,2021-02-07,1453,0,45328
7934,2097,2021-03-09,688,15,44640
7935,2097,2021-04-08,519,0,44121
7936,2097,2021-05-08,1355,0,42766
7937,2097,2021-06-07,656,0,42110
7938,2097,2021-07-07,700,0,41410
7939,2097,2021-08-06,1289,0,40121
7940,2097,2021-09-05,1357,0,38764
7941,2097,2021-10-05,1245,0,37519
7942,2097,2021-11-04,422,30,37097
7943,2098,2022-10-17,795,0,30405
7944,2098,2022-11-16,1198,0,29207
7945,2098,2022-12-16,675,0,28532
7946,2098,2023-01-15,1082,0,27450
7947,2098,2023-02-14,1406,0,26044
7948,2099,2023-06-16,973,0,7753
7949,2099,2023-07-16,661,0,7092
7950,2099,2023-08-15,546,0,6546
7951,2099,2023-09-14,834,0,5712
7952,2099,2023-10-14,743,0,4969
7953,2099,2023-11-13,881,5,4088
7954,2099,2023-12-13,847,0,3241
7955,2100,2021-10-10,1345,0,27271
7956,2100,2021-11-09,1015,0,26256
7957,2100,2021-12-09,800,0,25456
7958,2101,2022-12-23,1002,0,31721
7959,2101,2023-01-22,1093,0,30628
7960,2101,2023-02-21,310,5,30318
7961,2101,2023-03-23,1263,0,29055
7962,2101,2023-04-22,644,0,28411
7963,2101,2023-05-22,321,0,28090
7964,2101,2023-06-21,1419,0,26671
7965,2101,2023-07-21,562,0,26109
7966,2101,2023-08-20,682,0,25427
7967,2102,2023-01-19,1188,0,41386
7968,2102,2023-02-18,1415,0,39971
7969,2102,2023-03-20,1183,0,38788
7970,2102,2023-04-19,671,0,38117
7971,2102,2023-05-19,336,0,37781
7972,2102,2023-06-18,990,0,36791
7973,2102,2023-07-18,400,0,36391
7974,2102,2023-08-17,957,5,35434
7975,2102,2023-09-16,1204,15,34230
7976,2102,2023-10-16,931,0,33299
7977,2103,2021-11-29,990,0,38968
7978,2103,2021-12-29,706,0,38262
7979,2103,2022-01-28,1195,0,37067
7980,2103,2022-02-27,376,60,36691
7981,2103,2022-03-29,885,0,35806
7982,2103,2022-04-28,570,0,35236
7983,2103,2022-05-28,768,0,34468
7984,2103,2022-06-27,1018,0,33450
7985,2103,2022-07-27,904,15,32546
7986,2103,2022-08-26,476,0,32070
7987,2103,2022-09-25,936,0,31134
7988,2104,2022-10-31,960,0,13148
7989,2104,2022-11-30,544,0,12604
7990,2104,2022-12-30,384,0,12220
7991,2104,2023-01-29,835,0,11385
7992,2104,2023-02-28,848,15,10537
7993,2104,2023-03-30,806,0,9731
7994,2104,2023-04-29,823,0,8908
7995,2104,2023-05-29,1302,0,7606
7996,2104,2023-06-28,1248,60,6358
7997,2104,2023-07-28,1151,0,5207
7998,2104,2023-08-27,1358,0,3849
7999,2105,2021-03-27,786,15,16392
8000,2105,2021-04-26,1055,0,15337
8001,2105,2021-05-26,1320,0,14017
8002,2105,2021-06-25,1127,0,12890
8003,2105,2021-07-25,833,0,12057
8004,2105,2021-08-24,1418,0,10639
8005,2105,2021-09-23,556,60,10083
8006,2105,2021-10-23,386,0,9697
8007,2105,2021-11-22,869,5,8828
8008,2105,2021-12-22,1342,0,7486
8009,2106,2023-01-26,564,0,40079
8010,2106,2023-02-25,1372,0,38707
8011,2106,2023-03-27,1382,0,37325
8012,2106,2023-04-26,907,0,36418
8013,2106,2023-05-26,942,0,35476
8014,2106,2023-06-25,1100,30,34376
8015,2107,2022-07-10,802,0,35522
8016,2107,2022-08-09,770,0,34752
8017,2107,2022-09-08,300,0,34452
8018,2107,2022-10-08,1193,0,33259
8019,2108,2022-05-19,352,0,43008
8020,2108,2022-06-18,1185,5,41823
8021,2108,2022-07-18,1250,0,40573
8022,2108,2022-08-17,1329,0,39244
8023,2108,2022-09-16,1158,15,38086
8024,2108,2022-10-16,436,60,37650
8025,2109,2021-02-27,854,0,21970
8026,2109,2021-03-29,709,0,21261
8027,2109,2021-04-28,1359,0,19902
8028,2109,2021-05-28,561,0,19341
8029,2109,2021-06-27,1191,0,18150
8030,2109,2021-07-27,651,0,17499
8031,2110,2021-04-18,625,0,13302
8032,2110,2021-05-18,1418,0,11884
8033,2110,2021-06-17,855,0,11029
8034,2110,2021-07-17,655,0,10374
8035,2110,2021-08-16,1092,0,9282
8036,2110,2021-09-15,1049,0,8233
8037,2111,2021-09-03,534,0,32610
8038,2111,2021-10-03,555,0,32055
8039,2111,2021-11-02,815,0,31240
8040,2112,2022-02-20,569,5,35441
8041,2112,2022-03-22,1227,0,34214
8042,2112,2022-04-21,759,0,33455
8043,2112,2022-05-21,1342,0,32113
8044,2112,2022-06-20,392,0,31721
8045,2112,2022-07-20,1340,30,30381
8046,2113,2022-01-30,787,0,26656
8047,2113,2022-03-01,1048,0,25608
8048,2113,2022-03-31,1467,0,24141
8049,2113,2022-04-30,676,0,23465
8050,2113,2022-05-30,783,0,22682
8051,2113,2022-06-29,1086,0,21596
8052,2113,2022-07-29,601,0,20995
8053,2113,2022-08-28,1298,0,19697
8054,2113,2022-09-27,697,0,19000
8055,2113,2022-10-27,488,0,18512
8056,2114,2022-11-27,332,0,19105
8057,2114,2022-12-27,1335,5,17770
8058,2114,2023-01-26,1040,0,16730
8059,2114,2023-02-25,1189,0,15541
8060,2114,2023-03-27,548,0,14993
8061,2114,2023-04-26,1279,0,13714
8062,2114,2023-05-26,472,0,13242
8063,2114,2023-06-25,1090,0,12152
8064,2114,2023-07-25,1139,0,11013
8065,2114,2023-08-24,847,0,10166
8066,2115,2022-07-10,363,0,48935
8067,2115,2022-08-09,719,0,48216
8068,2115,2022-09-08,316,5,47900
8069,2116,2022-12-30,1274,0,43504
8070,2116,2023-01-29,778,5,42726
8071,2116,2023-02-28,478,0,42248
8072,2116,2023-03-30,569,5,41679
8073,2116,2023-04-29,785,0,40894
8074,2116,2023-05-29,877,0,40017
8075,2117,2021-12-08,1056,15,15151
8076,2117,2022-01-07,883,0,14268
8077,2117,2022-02-06,1372,5,12896
8078,2117,2022-03-08,1001,0,11895
8079,2117,2022-04-07,1473,0,10422
8080,2117,2022-05-07,1095,0,9327
8081,2117,2022-06-06,376,0,8951
8082,2118,2023-07-02,693,0,29844
8083,2118,2023-08-01,624,0,29220
8084,2118,2023-08-31,1178,0,28042
8085,2118,2023-09-30,1135,0,26907
8086,2118,2023-10-30,667,0,26240
8087,2119,2021-02-06,379,5,40378
8088,2119,2021-03-08,557,0,39821
8089,2119,2021-04-07,857,0,38964
8090,2119,2021-05-07,865,0,38099
8091,2119,2021-06-06,820,15,37279
8092,2119,2021-07-06,383,0,36896
8093,2119,2021-08-05,619,0,36277
8094,2120,2021-02-02,1437,0,15603
8095,2120,2021-03-04,983,0,14620
8096,2120,2021-04-03,848,0,13772
8097,2120,2021-05-03,1336,60,12436
8098,2121,2022-10-15,1147,0,45839
8099,2121,2022-11-14,1316,0,44523
8100,2121,2022-12-14,615,0,43908
8101,2121,2023-01-13,1438,0,42470
8102,2121,2023-02-12,1447,0,41023
8103,2121,2023-03-14,346,0,40677
8104,2121,2023-04-13,1202,0,39475
8105,2121,2023-05-13,1446,0,38029
8106,2121,2023-06-12,354,60,37675
8107,2121,2023-07-12,585,0,37090
8108,2121,2023-08-11,555,0,36535
8109,2121,2023-09-10,807,0,35728
8110,2122,2023-02-19,374,0,27238
8111,2122,2023-03-21,759,0,26479
8112,2122,2023-04-20,1360,0,25119
8113,2122,2023-05-20,929,0,24190
8114,2122,2023-06-19,1235,0,22955
8115,2122,2023-07-19,1477,0,21478
8116,2122,2023-08-18,614,0,20864
8117,2122,2023-09-17,918,0,19946
8118,2123,2022-01-28,306,0,33135
8119,2123,2022-02-27,813,0,32322
8120,2123,2022-03-29,1216,0,31106
8121,2124,2023-02-20,1380,0,10091
8122,2124,2023-03-22,532,0,9559
8123,2124,2023-04-21,666,0,8893
8124,2124,2023-05-21,355,0,8538
8125,2124,2023-06-20,446,15,8092
8126,2124,2023-07-20,552,0,7540
8127,2125,2022-06-22,1035,0,39596
8128,2125,2022-07-22,923,0,38673
8129,2125,2022-08-21,622,0,38051
8130,2125,2022-09-20,394,0,37657
8131,2125,2022-10-20,1089,0,36568
8132,2125,2022-11-19,415,30,36153
8133,2125,2022-12-19,569,0,35584
8134,2125,2023-01-18,308,0,35276
8135,2125,2023-02-17,1163,0,34113
8136,2125,2023-03-19,774,0,33339
8137,2125,2023-04-18,984,5,32355
8138,2126,2021-10-31,1076,0,47385
8139,2126,2021-11-30,894,0,46491
8140,2126,2021-12-30,644,0,45847
8141,2126,2022-01-29,1030,15,44817
8142,2126,2022-02-28,314,30,44503
8143,2126,2022-03-30,303,5,44200
8144,2126,2022-04-29,832,30,43368
8145,2127,2022-06-20,1133,0,30390
8146,2127,2022-07-20,416,0,29974
8147,2127,2022-08-19,427,0,29547
8148,2127,2022-09-18,1040,0,28507
8149,2127,2022-10-18,381,15,28126
8150,2127,2022-11-17,1118,0,27008
8151,2127,2022-12-17,1468,0,25540
8152,2127,2023-01-16,820,0,24720
8153,2127,2023-02-15,656,0,24064
8154,2127,2023-03-17,842,0,23222
8155,2127,2023-04-16,1382,0,21840
8156,2128,2023-04-16,1093,15,35255
8157,2128,2023-05-16,316,15,34939
8158,2128,2023-06-15,322,15,34617
8159,2128,2023-07-15,820,0,33797
8160,2128,2023-08-14,702,0,33095
8161,2128,2023-09-13,1350,0,31745
8162,2129,2023-02-08,1045,0,5132
8163,2129,2023-03-10,1151,0,3981
8164,2129,2023-04-09,966,0,3015
8165,2129,2023-05-09,1288,0,1727
8166,2129,2023-06-08,387,0,1340
8167,2129,2023-07-08,394,0,946
8168,2129,2023-08-07,698,0,248
8169,2129,2023-09-06,248,0,0
8170,2130,2023-07-02,863,0,8897
8171,2130,2023-08-01,334,0,8563
8172,2130,2023-08-31,1145,0,7418
8173,2130,2023-09-30,820,0,6598
8174,2130,2023-10-30,404,0,6194
8175,2130,2023-11-29,1349,0,4845
8176,2130,2023-12-29,1185,0,3660
8177,2130,2024-01-28,450,0,3210
8178,2130,2024-02-27,961,0,2249
8179,2130,2024-03-28,751,0,1498
8180,2130,2024-04-27,1435,0,63
8181,2131,2021-02-14,661,0,37118
8182,2131,2021-03-16,303,0,36815
8183,2131,2021-04-15,1100,0,35715
8184,2132,2021-08-10,1264,0,25372
8185,2132,2021-09-09,1348,0,24024
8186,2132,2021-10-09,1199,0,22825
8187,2132,2021-11-08,394,0,22431
8188,2132,2021-12-08,663,0,21768
8189,2132,2022-01-07,463,0,21305
8190,2132,2022-02-06,876,0,20429
8191,2132,2022-03-08,499,0,19930
8192,2132,2022-04-07,479,0,19451
8193,2132,2022-05-07,729,0,18722
8194,2132,2022-06-06,977,15,17745
8195,2132,2022-07-06,1419,0,16326
8196,2133,2022-10-23,1264,15,20089
8197,2133,2022-11-22,1385,0,18704
8198,2133,2022-12-22,923,30,17781
8199,2133,2023-01-21,714,0,17067
8200,2134,2022-05-30,974,0,15582
8201,2134,2022-06-29,552,0,15030
8202,2134,2022-07-29,496,30,14534
8203,2134,2022-08-28,1075,0,13459
8204,2134,2022-09-27,1474,0,11985
8205,2134,2022-10-27,1385,60,10600
8206,2134,2022-11-26,841,30,9759
8207,2134,2022-12-26,594,0,9165
8208,2134,2023-01-25,455,0,8710
8209,2134,2023-02-24,1025,0,7685
8210,2134,2023-03-26,853,0,6832
8211,2135,2021-02-27,501,0,32097
8212,2135,2021-03-29,1153,0,30944
8213,2135,2021-04-28,639,0,30305
8214,2135,2021-05-28,842,0,29463
8215,2135,2021-06-27,937,0,28526
8216,2135,2021-07-27,920,0,27606
8217,2135,2021-08-26,350,0,27256
8218,2135,2021-09-25,1346,0,25910
8219,2135,2021-10-25,962,0,24948
8220,2136,2023-01-14,376,5,16187
8221,2136,2023-02-13,734,0,15453
8222,2136,2023-03-15,1388,0,14065
8223,2137,2021-03-10,317,0,48473
8224,2137,2021-04-09,874,15,47599
8225,2137,2021-05-09,1295,0,46304
8226,2137,2021-06-08,931,0,45373
8227,2137,2021-07-08,671,0,44702
8228,2137,2021-08-07,1498,0,43204
8229,2137,2021-09-06,652,0,42552
8230,2137,2021-10-06,1253,0,41299
8231,2137,2021-11-05,667,0,40632
8232,2137,2021-12-05,1413,0,39219
8233,2138,2021-10-30,732,0,12502
8234,2138,2021-11-29,808,0,11694
8235,2138,2021-12-29,719,5,10975
8236,2138,2022-01-28,873,0,10102
8237,2138,2022-02-27,1428,0,8674
8238,2138,2022-03-29,420,0,8254
8239,2138,2022-04-28,398,0,7856
8240,2138,2022-05-28,722,0,7134
8241,2138,2022-06-27,1435,0,5699
8242,2138,2022-07-27,571,0,5128
8243,2139,2021-09-18,509,0,30010
8244,2139,2021-10-18,1345,0,28665
8245,2139,2021-11-17,1040,0,27625
8246,2139,2021-12-17,998,0,26627
8247,2139,2022-01-16,696,0,25931
8248,2139,2022-02-15,1260,15,24671
8249,2139,2022-03-17,1116,0,23555
8250,2139,2022-04-16,1169,0,22386
8251,2140,2021-04-26,879,0,31087
8252,2140,2021-05-26,409,0,30678
8253,2140,2021-06-25,621,0,30057
8254,2141,2022-05-19,383,0,20790
8255,2141,2022-06-18,1376,0,19414
8256,2141,2022-07-18,885,0,18529
8257,2141,2022-08-17,399,5,18130
8258,2141,2022-09-16,518,0,17612
8259,2141,2022-10-16,321,30,17291
8260,2141,2022-11-15,928,0,16363
8261,2141,2022-12-15,638,0,15725
8262,2141,2023-01-14,478,0,15247
8263,2141,2023-02-13,1306,0,13941
8264,2141,2023-03-15,1066,0,12875
8265,2141,2023-04-14,1088,0,11787
8266,2142,2021-06-05,909,0,31078
8267,2142,2021-07-05,1457,0,29621
8268,2142,2021-08-04,724,0,28897
8269,2142,2021-09-03,811,0,28086
8270,2142,2021-10-03,1311,0,26775
8271,2142,2021-11-02,602,0,26173
8272,2142,2021-12-02,856,60,25317
8273,2142,2022-01-01,767,0,24550
8274,2142,2022-01-31,868,0,23682
8275,2142,2022-03-02,711,0,22971
8276,2142,2022-04-01,1437,0,21534
8277,2143,2023-04-22,845,0,17333
8278,2143,2023-05-22,712,0,16621
8279,2143,2023-06-21,1406,5,15215
8280,2143,2023-07-21,838,0,14377
8281,2143,2023-08-20,1232,0,13145
8282,2143,2023-09-19,687,0,12458
8283,2144,2022-07-21,1214,0,43124
8284,2144,2022-08-20,805,0,42319
8285,2144,2022-09-19,478,15,41841
8286,2144,2022-10-19,379,0,41462
8287,2145,2021-06-24,802,0,28794
8288,2145,2021-07-24,884,5,27910
8289,2145,2021-08-23,798,0,27112
8290,2146,2022-07-09,370,0,37804
8291,2146,2022-08-08,919,0,36885
8292,2146,2022-09-07,390,5,36495
8293,2146,2022-10-07,827,0,35668
8294,2146,2022-11-06,971,0,34697
8295,2146,2022-12-06,660,15,34037
8296,2147,2021-08-30,1097,0,45877
8297,2147,2021-09-29,1207,0,44670
8298,2147,2021-10-29,1278,60,43392
8299,2147,2021-11-28,533,0,42859
8300,2147,2021-12-28,1147,0,41712
8301,2147,2022-01-27,412,0,41300
8302,2147,2022-02-26,758,30,40542
8303,2147,2022-03-28,305,0,40237
8304,2147,2022-04-27,793,0,39444
8305,2147,2022-05-27,370,15,39074
8306,2147,2022-06-26,973,0,38101
8307,2148,2021-02-24,442,0,8989
8308,2148,2021-03-26,1025,0,7964
8309,2148,2021-04-25,516,0,7448
8310,2149,2022-09-02,1133,0,31631
8311,2149,2022-10-02,1019,0,30612
8312,2149,2022-11-01,1206,0,29406
8313,2149,2022-12-01,1294,0,28112
8314,2150,2022-02-28,1358,0,25269
8315,2150,2022-03-30,1442,0,23827
8316,2150,2022-04-29,1070,0,22757
8317,2150,2022-05-29,1177,0,21580
8318,2150,2022-06-28,1161,0,20419
8319,2150,2022-07-28,816,0,19603
8320,2150,2022-08-27,1462,30,18141
8321,2151,2021-04-07,343,0,43967
8322,2151,2021-05-07,518,0,43449
8323,2151,2021-06-06,1207,0,42242
8324,2151,2021-07-06,1260,15,40982
8325,2151,2021-08-05,588,0,40394
8326,2151,2021-09-04,402,5,39992
8327,2151,2021-10-04,1407,30,38585
8328,2151,2021-11-03,1498,0,37087
8329,2151,2021-12-03,601,0,36486
8330,2151,2022-01-02,1378,0,35108
8331,2151,2022-02-01,673,0,34435
8332,2152,2021-09-20,756,0,13150
8333,2152,2021-10-20,792,15,12358
8334,2152,2021-11-19,409,0,11949
8335,2152,2021-12-19,1449,0,10500
8336,2152,2022-01-18,1109,0,9391
8337,2152,2022-02-17,1072,15,8319
8338,2152,2022-03-19,872,0,7447
8339,2152,2022-04-18,1108,0,6339
8340,2152,2022-05-18,712,0,5627
8341,2152,2022-06-17,1129,0,4498
8342,2153,2021-05-19,1449,0,40465
8343,2153,2021-06-18,1244,0,39221
8344,2153,2021-07-18,765,0,38456
8345,2153,2021-08-17,1415,0,37041
8346,2153,2021-09-16,1410,0,35631
8347,2153,2021-10-16,1447,0,34184
8348,2153,2021-11-15,656,5,33528
8349,2153,2021-12-15,393,0,33135
8350,2153,2022-01-14,1423,0,31712
8351,2153,2022-02-13,1264,0,30448
8352,2154,2021-06-25,656,0,49158
8353,2154,2021-07-25,595,0,48563
8354,2154,2021-08-24,1478,0,47085
8355,2154,2021-09-23,1428,0,45657
8356,2154,2021-10-23,1451,0,44206
8357,2155,2021-05-21,1038,0,17038
8358,2155,2021-06-20,849,0,16189
8359,2155,2021-07-20,363,15,15826
8360,2155,2021-08-19,1073,30,14753
8361,2155,2021-09-18,401,0,14352
8362,2155,2021-10-18,1346,0,13006
8363,2155,2021-11-17,1387,0,11619
8364,2155,2021-12-17,1472,0,10147
8365,2156,2021-09-15,944,0,41706
8366,2156,2021-10-15,1125,60,40581
8367,2156,2021-11-14,946,0,39635
8368,2156,2021-12-14,676,0,38959
8369,2156,2022-01-13,996,0,37963
8370,2156,2022-02-12,641,0,37322
8371,2156,2022-03-14,715,0,36607
8372,2156,2022-04-13,1237,0,35370
8373,2156,2022-05-13,1306,60,34064
8374,2156,2022-06-12,1047,0,33017
8375,2156,2022-07-12,611,0,32406
8376,2157,2021-05-21,993,0,10019
8377,2157,2021-06-20,404,0,9615
8378,2157,2021-07-20,1179,0,8436
8379,2157,2021-08-19,674,0,7762
8380,2157,2021-09-18,1383,0,6379
8381,2157,2021-10-18,689,30,5690
8382,2157,2021-11-17,1445,30,4245
8383,2157,2021-12-17,1173,0,3072
8384,2157,2022-01-16,1142,0,1930
8385,2158,2022-05-15,1251,0,10900
8386,2158,2022-06-14,1419,0,9481
8387,2158,2022-07-14,672,0,8809
8388,2158,2022-08-13,632,0,8177
8389,2158,2022-09-12,1429,0,6748
8390,2158,2022-10-12,694,0,6054
8391,2158,2022-11-11,1203,0,4851
8392,2159,2021-03-05,920,0,32291
8393,2159,2021-04-04,1104,0,31187
8394,2159,2021-05-04,1166,0,30021
8395,2159,2021-06-03,838,0,29183
8396,2159,2021-07-03,802,0,28381
8397,2159,2021-08-02,879,0,27502
8398,2159,2021-09-01,1139,0,26363
8399,2160,2022-10-15,1365,30,30752
8400,2160,2022-11-14,752,0,30000
8401,2160,2022-12-14,916,0,29084
8402,2160,2023-01-13,806,0,28278
8403,2160,2023-02-12,921,0,27357
8404,2161,2023-03-17,592,60,40786
8405,2161,2023-04-16,1056,0,39730
8406,2161,2023-05-16,966,0,38764
8407,2161,2023-06-15,626,0,38138
8408,2161,2023-07-15,1098,0,37040
8409,2161,2023-08-14,818,0,36222
8410,2162,2022-02-03,696,0,46956
8411,2162,2022-03-05,1062,0,45894
8412,2162,2022-04-04,1110,15,44784
8413,2162,2022-05-04,910,0,43874
8414,2162,2022-06-03,750,0,43124
8415,2162,2022-07-03,954,30,42170
8416,2162,2022-08-02,771,0,41399
8417,2162,2022-09-01,1189,0,40210
8418,2162,2022-10-01,1341,0,38869
8419,2162,2022-10-31,908,0,37961
8420,2162,2022-11-30,1235,0,36726
8421,2162,2022-12-30,486,0,36240
8422,2163,2023-02-17,370,15,11524
8423,2163,2023-03-19,608,0,10916
8424,2163,2023-04-18,726,0,10190
8425,2163,2023-05-18,717,0,9473
8426,2163,2023-06-17,515,0,8958
8427,2163,2023-07-17,610,0,8348
8428,2163,2023-08-16,1280,0,7068
8429,2163,2023-09-15,706,0,6362
8430,2163,2023-10-15,365,0,5997
8431,2163,2023-11-14,1181,0,4816
8432,2163,2023-12-14,1005,0,3811
8433,2164,2022-09-17,1229,0,17238
8434,2164,2022-10-17,855,0,16383
8435,2164,2022-11-16,1339,0,15044
8436,2164,2022-12-16,813,0,14231
8437,2164,2023-01-15,1384,5,12847
8438,2164,2023-02-14,991,0,11856
8439,2164,2023-03-16,454,0,11402
8440,2164,2023-04-15,1323,0,10079
8441,2164,2023-05-15,823,0,9256
8442,2164,2023-06-14,1101,5,8155
8443,2164,2023-07-14,1139,0,7016
8444,2165,2022-08-07,832,0,35178
8445,2165,2022-09-06,1089,0,34089
8446,2165,2022-10-06,494,0,33595
8447,2165,2022-11-05,607,0,32988
8448,2165,2022-12-05,375,0,32613
8449,2165,2023-01-04,529,0,32084
8450,2165,2023-02-03,696,0,31388
8451,2165,2023-03-05,514,0,30874
8452,2165,2023-04-04,676,0,30198
8453,2165,2023-05-04,1099,0,29099
8454,2166,2022-03-31,515,0,47126
8455,2166,2022-04-30,1130,0,45996
8456,2166,2022-05-30,1321,0,44675
8457,2166,2022-06-29,302,30,44373
8458,2166,2022-07-29,1039,5,43334
8459,2166,2022-08-28,1050,0,42284
8460,2166,2022-09-27,885,0,41399
8461,2166,2022-10-27,1312,0,40087
8462,2166,2022-11-26,1148,0,38939
8463,2166,2022-12-26,505,0,38434
8464,2166,2023-01-25,1317,0,37117
8465,2166,2023-02-24,414,0,36703
8466,2167,2022-10-05,727,0,16562
8467,2167,2022-11-04,1085,0,15477
8468,2167,2022-12-04,1014,0,14463
8469,2167,2023-01-03,1042,0,13421
8470,2167,2023-02-02,409,0,13012
8471,2167,2023-03-04,670,0,12342
8472,2167,2023-04-03,898,0,11444
8473,2167,2023-05-03,1345,0,10099
8474,2167,2023-06-02,1223,0,8876
8475,2168,2022-07-02,745,0,49231
8476,2168,2022-08-01,676,0,48555
8477,2168,2022-08-31,891,0,47664
8478,2168,2022-09-30,740,0,46924
8479,2168,2022-10-30,1144,0,45780
8480,2168,2022-11-29,1063,0,44717
8481,2169,2022-12-23,616,5,47980
8482,2169,2023-01-22,880,0,47100
8483,2169,2023-02-21,1335,0,45765
8484,2169,2023-03-23,958,30,44807
8485,2170,2021-11-08,1203,0,26968
8486,2170,2021-12-08,576,0,26392
8487,2170,2022-01-07,1224,0,25168
8488,2170,2022-02-06,806,0,24362
8489,2171,2021-12-16,1051,0,38854
8490,2171,2022-01-15,1145,0,37709
8491,2171,2022-02-14,1027,0,36682
8492,2171,2022-03-16,675,0,36007
8493,2172,2023-02-07,730,0,25099
8494,2172,2023-03-09,1082,0,24017
8495,2172,2023-04-08,1254,0,22763
8496,2172,2023-05-08,440,0,22323
8497,2172,2023-06-07,1315,0,21008
8498,2173,2022-04-18,448,0,38606
8499,2173,2022-05-18,953,0,37653
8500,2173,2022-06-17,1372,0,36281
8501,2173,2022-07-17,630,0,35651
8502,2173,2022-08-16,808,0,34843
8503,2173,2022-09-15,1413,15,33430
8504,2173,2022-10-15,1017,5,32413
8505,2173,2022-11-14,373,0,32040
8506,2173,2022-12-14,1205,0,30835
8507,2174,2021-12-11,597,0,48542
8508,2174,2022-01-10,811,0,47731
8509,2174,2022-02-09,673,0,47058
8510,2174,2022-03-11,431,0,46627
8511,2174,2022-04-10,352,0,46275
8512,2174,2022-05-10,939,0,45336
8513,2174,2022-06-09,1090,0,44246
8514,2174,2022-07-09,1152,15,43094
8515,2174,2022-08-08,1394,15,41700
8516,2174,2022-09-07,962,0,40738
8517,2175,2023-06-26,1339,0,33395
8518,2175,2023-07-26,1416,0,31979
8519,2175,2023-08-25,460,0,31519
8520,2175,2023-09-24,616,0,30903
8521,2175,2023-10-24,785,0,30118
8522,2175,2023-11-23,827,0,29291
8523,2176,2023-02-10,569,0,11483
8524,2176,2023-03-12,1353,0,10130
8525,2176,2023-04-11,1036,0,9094
8526,2176,2023-05-11,619,0,8475
8527,2176,2023-06-10,731,0,7744
8528,2176,2023-07-10,821,0,6923
8529,2176,2023-08-09,657,15,6266
8530,2177,2022-02-11,531,0,8123
8531,2177,2022-03-13,1483,0,6640
8532,2177,2022-04-12,872,0,5768
8533,2178,2021-11-15,554,30,27932
8534,2178,2021-12-15,579,0,27353
8535,2178,2022-01-14,1485,0,25868
8536,2178,2022-02-13,597,5,25271
8537,2178,2022-03-15,817,0,24454
8538,2178,2022-04-14,725,0,23729
8539,2178,2022-05-14,852,0,22877
8540,2178,2022-06-13,729,0,22148
8541,2178,2022-07-13,629,15,21519
8542,2179,2022-04-12,756,0,22987
8543,2179,2022-05-12,643,0,22344
8544,2179,2022-06-11,1061,0,21283
8545,2179,2022-07-11,378,0,20905
8546,2179,2022-08-10,1119,0,19786
8547,2179,2022-09-09,968,0,18818
8548,2179,2022-10-09,458,0,18360
8549,2179,2022-11-08,1038,0,17322
8550,2180,2022-11-23,1472,30,28017
8551,2180,2022-12-23,306,0,27711
8552,2180,2023-01-22,1103,0,26608
8553,2180,2023-02-21,1400,0,25208
8554,2180,2023-03-23,386,0,24822
8555,2180,2023-04-22,521,60,24301
8556,2180,2023-05-22,501,0,23800
8557,2180,2023-06-21,520,0,23280
8558,2181,2021-11-03,428,5,13208
8559,2181,2021-12-03,1495,5,11713
8560,2181,2022-01-02,1176,0,10537
8561,2181,2022-02-01,462,0,10075
8562,2181,2022-03-03,796,0,9279
8563,2181,2022-04-02,689,0,8590
8564,2181,2022-05-02,1105,0,7485
8565,2182,2023-01-10,1359,0,10082
8566,2182,2023-02-09,1064,0,9018
8567,2182,2023-03-11,586,0,8432
8568,2182,2023-04-10,668,0,7764
8569,2182,2023-05-10,1384,0,6380
8570,2182,2023-06-09,410,0,5970
8571,2182,2023-07-09,440,0,5530
8572,2182,2023-08-08,378,5,5152
8573,2182,2023-09-07,808,0,4344
8574,2182,2023-10-07,365,0,3979
8575,2182,2023-11-06,586,0,3393
8576,2183,2022-09-04,854,0,28757
8577,2183,2022-10-04,711,0,28046
8578,2183,2022-11-03,752,0,27294
8579,2183,2022-12-03,1136,30,26158
8580,2183,2023-01-02,1352,0,24806
8581,2183,2023-02-01,452,0,24354
8582,2183,2023-03-03,1133,0,23221
8583,2183,2023-04-02,1057,0,22164
8584,2183,2023-05-02,1355,0,20809
8585,2184,2022-06-17,644,0,46791
8586,2184,2022-07-17,466,0,46325
8587,2184,2022-08-16,1264,0,45061
8588,2184,2022-09-15,572,5,44489
8589,2184,2022-10-15,1199,0,43290
8590,2185,2022-10-16,439,0,16710
8591,2185,2022-11-15,1384,0,15326
8592,2185,2022-12-15,659,0,14667
8593,2185,2023-01-14,632,0,14035
8594,2185,2023-02-13,633,60,13402
8595,2185,2023-03-15,1223,0,12179
8596,2185,2023-04-14,1084,0,11095
8597,2186,2022-06-30,1178,0,38388
8598,2186,2022-07-30,321,15,38067
8599,2186,2022-08-29,847,0,37220
8600,2186,2022-09-28,1251,0,35969
8601,2186,2022-10-28,1499,0,34470
8602,2186,2022-11-27,910,0,33560
8603,2186,2022-12-27,343,0,33217
8604,2187,2022-01-15,847,0,46521
8605,2187,2022-02-14,1353,0,45168
8606,2187,2022-03-16,656,15,44512
8607,2188,2023-05-23,552,0,26123
8608,2188,2023-06-22,1020,0,25103
8609,2188,2023-07-22,1036,5,24067
8610,2188,2023-08-21,422,0,23645
8611,2188,2023-09-20,442,0,23203
8612,2188,2023-10-20,810,0,22393
8613,2188,2023-11-19,356,5,22037
8614,2188,2023-12-19,1444,0,20593
8615,2188,2024-01-18,642,0,19951
8616,2188,2024-02-17,640,0,19311
8617,2189,2022-04-21,481,0,10014
8618,2189,2022-05-21,822,0,9192
8619,2189,2022-06-20,550,0,8642
8620,2190,2023-05-10,1182,0,46486
8621,2190,2023-06-09,592,5,45894
8622,2190,2023-07-09,485,0,45409
8623,2190,2023-08-08,455,0,44954
8624,2190,2023-09-07,460,0,44494
8625,2190,2023-10-07,1150,0,43344
8626,2190,2023-11-06,861,0,42483
8627,2190,2023-12-06,967,0,41516
8628,2191,2022-01-15,596,0,18077
8629,2191,2022-02-14,338,0,17739
8630,2191,2022-03-16,1052,0,16687
8631,2191,2022-04-15,1440,0,15247
8632,2191,2022-05-15,539,0,14708
8633,2191,2022-06-14,1039,15,13669
8634,2192,2022-09-29,1035,0,15095
8635,2192,2022-10-29,1032,0,14063
8636,2192,2022-11-28,963,0,13100
8637,2193,2022-11-25,1090,0,26578
8638,2193,2022-12-25,1450,0,25128
8639,2193,2023-01-24,376,0,24752
8640,2193,2023-02-23,1212,30,23540
8641,2193,2023-03-25,1106,0,22434
8642,2193,2023-04-24,1480,0,20954
8643,2193,2023-05-24,723,60,20231
8644,2193,2023-06-23,1339,60,18892
8645,2193,2023-07-23,397,0,18495
8646,2193,2023-08-22,599,0,17896
8647,2193,2023-09-21,573,0,17323
8648,2194,2023-05-03,631,0,19591
8649,2194,2023-06-02,311,0,19280
8650,2194,2023-07-02,1173,5,18107
8651,2194,2023-08-01,477,0,17630
8652,2194,2023-08-31,1245,0,16385
8653,2194,2023-09-30,569,60,15816
8654,2194,2023-10-30,785,0,15031
8655,2194,2023-11-29,941,0,14090
8656,2194,2023-12-29,374,0,13716
8657,2194,2024-01-28,804,0,12912
8658,2195,2021-06-16,785,0,27884
8659,2195,2021-07-16,365,0,27519
8660,2195,2021-08-15,706,0,26813
8661,2195,2021-09-14,576,15,26237
8662,2195,2021-10-14,613,0,25624
8663,2195,2021-11-13,760,0,24864
8664,2196,2023-02-28,770,5,38298
8665,2196,2023-03-30,1255,0,37043
8666,2196,2023-04-29,402,0,36641
8667,2196,2023-05-29,900,0,35741
8668,2196,2023-06-28,404,0,35337
8669,2197,2023-07-18,1292,0,26961
8670,2197,2023-08-17,1358,0,25603
8671,2197,2023-09-16,1429,15,24174
8672,2197,2023-10-16,373,0,23801
8673,2197,2023-11-15,584,0,23217
8674,2197,2023-12-15,579,0,22638
8675,2197,2024-01-14,1268,0,21370
8676,2198,2021-09-30,1231,0,13204
8677,2198,2021-10-30,611,30,12593
8678,2198,2021-11-29,325,15,12268
8679,2198,2021-12-29,1379,0,10889
8680,2198,2022-01-28,529,0,10360
8681,2199,2022-07-27,1103,0,32449
8682,2199,2022-08-26,301,0,32148
8683,2199,2022-09-25,511,0,31637
8684,2199,2022-10-25,828,0,30809
8685,2199,2022-11-24,818,0,29991
8686,2199,2022-12-24,915,0,29076
8687,2199,2023-01-23,586,0,28490
8688,2200,2021-03-11,1414,0,40970
8689,2200,2021-04-10,1025,0,39945
8690,2200,2021-05-10,1053,0,38892
8691,2200,2021-06-09,1175,0,37717
8692,2200,2021-07-09,443,0,37274
8693,2200,2021-08-08,1422,0,35852
